File number,L,a,b
0.0,10.0951807162,0.499707995146,-10.1960432586
1.0,10.1462084329,1.21700820519,-10.5374359596
2.0,8.49120343581,0.764775672463,-8.79840454375
3.0,6.32558647873,1.15107088902,-7.25218774556
4.0,4.97005626072,1.21999903211,-5.50222368604
5.0,3.80864373888,1.11995356922,-4.23802258105
6.0,3.75987801255,1.41940113324,-4.39558252925
7.0,3.45511275282,1.36686716033,-4.24043789849
8.0,3.19739336548,1.26322432708,-3.72296117969
9.0,2.99369300346,1.37610907823,-3.74678503853
10.0,2.91528043565,1.2803277906,-3.47083078986
11.0,2.79124231401,1.26175225608,-3.52152785126
12.0,2.70351375331,1.20271371356,-3.187860133
13.0,2.65894354787,1.27186561933,-3.23078290511
14.0,2.56993529916,1.21229685404,-3.08137667575
15.0,2.50595415307,1.15672197931,-3.05574954452
16.0,2.51515090978,1.08085420681,-2.79691694724
17.0,2.4582354211,1.18716249914,-2.96739988131
18.0,2.4619536555,1.14317760793,-2.75454720199
19.0,2.39196852912,1.11765629346,-2.78908801215
20.0,2.36212203906,1.06641061121,-2.76140099514
21.0,2.34698218952,1.03802197852,-2.70852777023
22.0,2.32011119859,1.02878668211,-2.53996116177
23.0,2.34520645914,1.08188645946,-2.48696784152
24.0,2.29078582538,1.0778482621,-2.56001700698
25.0,2.30346319729,0.967296580694,-2.41799462732
26.0,2.26829976434,1.05839249374,-2.53492841937
27.0,2.29729881814,1.0543775959,-2.48723374683
28.0,2.22743840177,0.974895993091,-2.56687700342
29.0,2.23455067709,0.891609256785,-2.327963539
30.0,2.21079427535,1.02436628361,-2.43865248663
31.0,2.22215335411,1.04426194441,-2.51268693932
32.0,2.22854588366,1.08517241682,-2.55137833956
33.0,2.20528909639,1.0220895051,-2.38838440258
34.0,2.20373042086,1.00715592906,-2.40937564405
35.0,2.18044017687,1.17230195541,-2.6305282368
36.0,2.21498055248,0.889676917034,-2.24513104552
37.0,2.21728768802,1.00237546239,-2.34456880259
38.0,2.22074334038,0.969610674888,-2.27856208756
39.0,2.13994603552,1.04010802183,-2.51579786934
40.0,2.1627891651,1.08744384613,-2.51573630283
41.0,2.1541228053,0.989692426291,-2.3162447786
42.0,2.20085419215,0.974737321784,-2.25495188531
43.0,2.22717208987,0.915480391479,-2.14743641301
44.0,2.13219443427,0.983344412781,-2.47980302475
45.0,2.18698964589,0.957189044805,-2.18326648828
46.0,2.16830078951,0.924951732171,-2.22181912804
47.0,2.17818555604,1.04250893701,-2.46252791223
48.0,2.12441716484,1.09676311357,-2.49187451966
49.0,2.14930303736,0.944933041363,-2.36457451326
50.0,2.14443620465,0.995427711604,-2.22274876559
51.0,2.15158438677,1.08345329507,-2.36706799285
52.0,2.16789106589,0.954538176195,-2.22373334371
53.0,2.12875647137,0.977438610509,-2.30119117071
54.0,2.15536195102,0.980258566245,-2.16028512623
55.0,2.14405336654,1.01812237817,-2.33058388103
56.0,2.14468588515,0.915053965272,-2.09442013202
57.0,2.12255583379,1.01404299985,-2.27419601301
58.0,2.12927061141,1.01338439384,-2.26745675824
59.0,2.11241376978,0.998469494422,-2.25288248839
60.0,2.15017270271,0.903369803813,-2.18213209077
61.0,2.12499728476,0.941131036486,-2.21403546398
62.0,2.14353904881,1.02331462906,-2.37387804842
63.0,2.21616409888,0.9581732227,-2.321724732
64.0,2.27716190396,1.11526040012,-2.60078214109
65.0,2.37942535835,1.06249349131,-2.62748350776
66.0,2.51172044489,1.14523588752,-2.94115724879
67.0,2.62308376339,1.1755723538,-3.05307120473
68.0,2.75451232571,1.19298408282,-3.36670041003
69.0,2.94991418698,1.3042318946,-3.63961007759
70.0,3.23563727523,1.34853925902,-3.98148326656
71.0,3.51021088567,1.5148315824,-4.31586897659
72.0,3.81866134422,1.57734423441,-4.57196263367
73.0,4.18411491724,1.40852924028,-4.96668619904
74.0,4.61360546331,1.43166643825,-5.3805531217
75.0,5.02220453775,1.34969534502,-5.65635681568
76.0,5.48949534944,1.52543215131,-6.44491163162
77.0,5.9764099033,1.07673040703,-6.37419561409
78.0,6.4400630955,1.34334354943,-7.27144777322
79.0,6.90938242595,1.10857036096,-7.40504331174
80.0,7.32154787733,1.14369949666,-7.74825879535
81.0,7.67274783588,0.764053438717,-7.75660352219
82.0,8.02455560218,0.825963537151,-8.2836532324
83.0,8.33520105213,0.89689008688,-8.65875635515
84.0,8.54172275964,1.172175059,-8.91330490629
85.0,8.77008903849,1.06708121876,-9.28516192009
86.0,8.95554928362,1.0643130694,-9.41670401516
87.0,9.20097034275,0.818913334275,-9.42583580249
88.0,9.35516872963,1.06039042676,-9.34539544392
89.0,9.48589224128,0.985534841668,-9.46137349875
90.0,9.57684484237,0.812123980037,-9.80412348345
91.0,9.6185617359,1.16362489809,-10.0318230354
92.0,9.71306661005,1.09149075513,-9.85453837093
93.0,9.88476772947,0.936530235994,-9.97626397106
94.0,9.86331117674,1.14527239761,-10.2424612133
95.0,9.92017249888,0.500241665986,-9.7693914716
96.0,9.99487754749,0.74735497982,-9.99104028448
97.0,10.0671636007,0.863768524736,-10.3376821339
98.0,10.0457846888,0.900253249379,-10.5071186693
99.0,10.0958700058,1.22982850362,-10.6595390565
100.0,10.105397011,0.905930637009,-10.5837830039
101.0,10.1311938292,1.10712128459,-10.6939597427
102.0,10.0708526341,1.2541954622,-10.4632365959
103.0,10.1370577274,0.875663272239,-10.1314998032
104.0,10.1556416355,1.11641485713,-10.4421551135
105.0,10.1306848361,1.06868766643,-10.3958567908
106.0,10.1660825796,0.898045369437,-10.3901209914
107.0,10.2444646263,0.915742825591,-10.5752891914
108.0,10.2195113818,1.0671080996,-10.4021367227
109.0,10.2463691514,0.881887097919,-10.381651975
110.0,10.2530782849,0.974195180561,-10.5312133509
111.0,10.2674726169,0.731434830812,-10.6460009531
112.0,10.1943012787,1.04375857947,-10.3066322559
113.0,10.2847916988,0.891048618298,-10.4534897349
114.0,10.1998236186,1.13750880889,-10.5832033143
115.0,10.2735706628,0.966447801135,-10.430045715
116.0,10.1851594248,1.04921092657,-10.6561538747
117.0,10.2687624754,0.832798909256,-10.4284601654
118.0,10.3064640554,0.802010829342,-10.3595342486
119.0,10.313675411,0.632778110794,-10.5669179898
120.0,10.2802440417,1.05431738041,-10.7353082088
121.0,10.2741636501,0.85114716489,-10.6599917457
122.0,7.99538397475,1.28327521041,-8.79559859015
123.0,6.00505961999,0.973981111663,-6.50950721194
124.0,4.84468643319,1.50059579014,-5.57549779766
125.0,4.15294025259,1.34784666013,-4.84570127307
126.0,3.6744139816,1.35046834739,-4.37764041112
127.0,3.37732832893,1.34461511917,-3.84861833155
128.0,3.14335650599,1.29230895176,-3.74714074546
129.0,3.0151320228,1.29010712734,-3.56371496699
130.0,2.85825451332,1.31060093194,-3.54865815703
131.0,2.75744316802,1.22300544781,-3.28090817205
132.0,2.67921669563,1.26080595209,-3.26588963666
133.0,2.6105449053,1.16741743832,-3.01397626174
134.0,2.59279779731,1.08188561517,-2.94062922702
135.0,2.53601366944,1.24341554592,-3.03126003972
136.0,2.50595905229,1.23070442959,-2.91405304551
137.0,2.4461665754,1.17451986281,-2.79387713816
138.0,2.42328004681,1.15851628788,-2.7668617895
139.0,2.41025377407,1.16959921592,-2.67360921018
140.0,2.41216186353,1.0787926643,-2.65598923142
141.0,2.36709328948,1.00073049573,-2.59949024132
142.0,2.32242584913,1.14479041303,-2.71760095702
143.0,2.31832343823,1.1511622312,-2.8068849327
144.0,2.29467039585,1.03854519451,-2.67536691488
145.0,2.31618918087,0.957801837243,-2.32984086457
146.0,2.30832833866,1.0317914753,-2.40799209753
147.0,2.28173759241,1.15562249792,-2.59223549975
148.0,2.26785499647,1.14370181465,-2.56417502957
149.0,2.22259393822,1.07278321599,-2.59189050019
150.0,2.25138099531,1.07587645342,-2.44147775947
151.0,2.240257768,1.06919901741,-2.54242215657
152.0,2.25347011046,0.947054541452,-2.40789789681
153.0,2.21268110495,1.08117314524,-2.50318229023
154.0,2.19958917861,1.08166244984,-2.43116093495
155.0,2.18944617985,1.12934666616,-2.46055940695
156.0,2.19094171035,1.08836729003,-2.42969445124
157.0,2.23776026775,0.968671545761,-2.1246057465
158.0,2.18776529245,1.00555122142,-2.25101901565
159.0,2.18648988271,1.05049558113,-2.27064258003
160.0,2.16992970741,1.01221205159,-2.42706283416
161.0,2.17965192154,1.08253707006,-2.36062746702
162.0,2.14391352791,1.06270386584,-2.51699318373
163.0,2.18193978278,1.06491605834,-2.16375586752
164.0,2.15112866719,0.940306644508,-2.22435142607
165.0,2.14572360182,1.18955128611,-2.38981001048
166.0,2.17389774664,0.996730824575,-2.28087338331
167.0,2.18396380061,1.02873122279,-2.22875401355
168.0,2.17297215507,0.968778612908,-2.14643037984
169.0,2.10829980408,0.910604535448,-2.27602490889
170.0,2.14092824508,1.02051744774,-2.21534953198
171.0,2.13602152677,0.956879467681,-2.1318329926
172.0,2.15630851704,1.06919783804,-2.19452252852
173.0,2.13638209945,1.06315373725,-2.25815448671
174.0,2.143523364,1.06542141461,-2.24610353631
175.0,2.132917321,0.953296297177,-2.08348109279
176.0,2.12157030048,1.00271082308,-2.16705564063
177.0,2.16546588145,1.07846864304,-2.16921320225
178.0,2.1411746706,1.08677674048,-2.18320705637
179.0,2.09215478293,0.960233112974,-2.17231495265
180.0,2.15427095296,0.88469634222,-2.03010251633
181.0,2.07310298965,1.01108903012,-2.28697176535
182.0,2.15457733664,0.971462390975,-2.22228308112
183.0,2.16996532993,1.00545690527,-2.40886935009
184.0,2.25662326963,1.0891091777,-2.57102653292
185.0,2.34018761162,1.10985384904,-2.79431357294
186.0,2.46455548223,1.07319256076,-2.77922137125
187.0,2.59228990821,1.28207800124,-3.14314200052
188.0,2.77285312162,1.30300833239,-3.29335223076
189.0,2.94612465057,1.34082515097,-3.54125080945
190.0,3.14411784177,1.40564209482,-3.90436466587
191.0,3.45467380336,1.44762915198,-4.29910436522
192.0,3.73385460267,1.50035948375,-4.42347104712
193.0,4.11029842774,1.40620367852,-4.89074929482
194.0,4.4715240428,1.45157703726,-5.14923143114
195.0,4.86933472764,1.57445089031,-5.63654752872
196.0,5.36689146042,1.2479572642,-5.85934163963
197.0,5.77758310244,1.26167530408,-6.29295437991
198.0,6.23918037557,1.25323056435,-6.67627261327
199.0,6.70159857118,1.22905963953,-7.36584362658
200.0,7.13205450592,1.33868333911,-7.88544192454
201.0,7.48370246958,1.11773506347,-7.94397396506
202.0,7.85374491623,0.805226045714,-8.08915655507
203.0,8.11290439787,0.876256551129,-8.12805705577
204.0,8.37236952911,1.03428688394,-8.5045644482
205.0,8.62181320744,0.823141942896,-8.60673691279
206.0,8.86440316455,0.901173262441,-8.91007079794
207.0,9.07164159609,0.629403020047,-8.77892658648
208.0,9.16915219439,0.997157821076,-9.71617682796
209.0,9.3217482436,1.11427904131,-9.88186930088
210.0,9.49540772069,0.846050742726,-9.813082868
211.0,9.53580451766,1.02981285358,-9.95096981633
212.0,9.64306624418,0.781009024616,-9.99108122739
213.0,9.73989862479,0.703381940243,-9.73510674163
214.0,9.82564665024,0.845122393824,-9.70362839968
215.0,9.8544535833,1.01123036538,-10.191824189
216.0,9.88816135575,0.996263571367,-10.0994678104
217.0,9.92431984118,0.755965852794,-10.2509037114
218.0,9.98078961612,0.808690602592,-10.4123342594
219.0,10.0303638249,0.961386232145,-10.3332447856
220.0,10.0605525589,0.989693573559,-10.6974120144
221.0,10.0857237372,0.728432435467,-10.1413937434
222.0,10.0779238865,1.02175517643,-10.502482589
223.0,10.173160819,0.709200438309,-10.2230229426
224.0,10.150200552,1.0458936495,-10.760902042
225.0,10.1686643756,1.12316809397,-10.4616919504
226.0,10.2082708493,0.725066406001,-10.0770121122
227.0,10.1936799053,0.98872897779,-10.7977120487
228.0,10.1912588209,0.983065138031,-10.395960736
229.0,10.1727345763,1.06403487123,-10.5358597867
230.0,10.2109086791,0.67690220945,-10.20604608
231.0,10.1945771001,0.995489215134,-10.4788798409
232.0,10.2414274815,1.14325107699,-10.6401038472
233.0,10.1564241804,0.544752892208,-10.3090756039
234.0,10.1329236727,1.19527619989,-10.8223083801
235.0,10.2066363389,0.952649450605,-10.6765700227
236.0,10.1761914255,1.44243080969,-10.8303270833
237.0,10.2713741451,0.954963362175,-10.7473244594
238.0,10.2721462636,0.904951283494,-10.3629078095
239.0,10.2059144965,0.878037364042,-10.4917331691
240.0,10.3014799611,0.57675219885,-10.268844759
241.0,10.2638948625,0.985441448153,-10.3976324882
242.0,7.52517090726,0.857176465034,-7.80502526195
243.0,5.74112632299,1.32754736482,-6.61903626052
244.0,4.67365202233,1.39973857317,-5.41362246654
245.0,3.99352032073,1.41440331101,-4.87964160493
246.0,3.60436022407,1.32685861114,-4.36641689144
247.0,3.34896529946,1.24371557322,-3.87083776891
248.0,3.09686542233,1.43001597584,-3.80365393529
249.0,2.94593209454,1.32560053038,-3.54211868221
250.0,2.86613503967,1.19459851382,-3.13742194799
251.0,2.71613268593,1.21091851867,-3.20670023985
252.0,2.69532305485,1.30730938157,-3.06057349572
253.0,2.60601178024,1.10099207135,-2.87861124221
254.0,2.55423677279,1.28262557778,-2.99095600007
255.0,2.47716751047,1.29537285382,-2.97494563168
256.0,2.43344366108,1.1243346525,-2.75962835529
257.0,2.42289907099,1.16669177553,-2.81147376049
258.0,2.43043178247,1.07625081284,-2.59496541378
259.0,2.37954641705,1.15802015453,-2.71347919169
260.0,2.33865489963,1.15291130345,-2.66375253423
261.0,2.32938304942,1.05694987219,-2.44691844603
262.0,2.30779391304,1.11112599037,-2.64491449641
263.0,2.29073018251,1.02939018393,-2.66197834652
264.0,2.27776020275,1.03080240256,-2.57172183451
265.0,2.26321903095,1.05714106925,-2.47830844137
266.0,2.28182975807,1.05356448379,-2.41837058999
267.0,2.24158193736,1.168656768,-2.62421675397
268.0,2.2488606326,1.0895277577,-2.45420643487
269.0,2.25125733741,1.00781723359,-2.31030000005
270.0,2.28486261666,0.999665349217,-2.25099053912
271.0,2.19792778419,1.04544655099,-2.40103593224
272.0,2.19935875356,1.12338585066,-2.59601115044
273.0,2.18486278482,1.05862952568,-2.29417676594
274.0,2.20852503897,1.04417272483,-2.28638807735
275.0,2.22419931618,1.02250222883,-2.25065095643
276.0,2.1815454156,1.13284799908,-2.35851061847
277.0,2.19743607717,0.957307930555,-2.37384145857
278.0,2.1842914181,1.01849925453,-2.30337483464
279.0,2.19125322504,0.991995596848,-2.26559588925
280.0,2.18902781345,1.11458261504,-2.38171333525
281.0,2.16345048915,1.16575150992,-2.30455839564
282.0,2.14968702051,0.905433917419,-2.23817552072
283.0,2.204160023,1.07208611353,-2.10644062294
284.0,2.16775562742,1.00755613553,-2.28965799047
285.0,2.19900671578,0.956853221464,-2.06986147758
286.0,2.16915461279,1.0841918343,-2.25909360189
287.0,2.14808467765,0.990767693148,-2.2741428262
288.0,2.11856584841,1.06134874884,-2.39376890872
289.0,2.16256226758,0.893846240826,-2.12269204964
290.0,2.13789483066,1.06671495097,-2.36696965545
291.0,2.14247601755,1.05712642616,-2.19233844882
292.0,2.10950247109,1.08000476237,-2.38208611989
293.0,2.15001084009,1.15925321825,-2.28675314746
294.0,2.13489640371,0.958803079542,-2.09829127977
295.0,2.15902907717,0.991014958525,-2.02939568223
296.0,2.13072094296,1.0080806552,-2.29306041715
297.0,2.13072853168,1.04015279223,-2.26666912784
298.0,2.15461775746,1.06476373506,-2.12489248424
299.0,2.13352735022,1.01565443707,-2.15002876367
300.0,2.12191087485,0.956504643277,-2.07879633785
301.0,2.1108531532,0.93415969184,-2.18054350253
302.0,2.1709734391,1.06740735621,-2.22203022246
303.0,2.22405678455,1.13373732397,-2.41778810342
304.0,2.28428259306,1.10816441219,-2.4956380047
305.0,2.3971987693,1.14106817593,-2.6540225497
306.0,2.46949470916,1.22182048299,-3.01788016423
307.0,2.65524227275,1.23858003635,-3.09773420475
308.0,2.81939872048,1.21043021686,-3.2511563561
309.0,3.02299136514,1.33624546086,-3.59556052133
310.0,3.25635532919,1.44227892955,-4.1367977185
311.0,3.52155304086,1.53487673055,-4.30483440705
312.0,3.80742576915,1.45695545956,-4.62042028747
313.0,4.13559781215,1.75407217346,-5.22942434965
314.0,4.62180858433,1.46547875234,-5.33528268721
315.0,5.05174055265,1.47347539686,-5.72459160358
316.0,5.46784564009,1.67020236872,-6.22334316744
317.0,5.90860602302,1.75122783473,-6.99321006468
318.0,6.38666866175,1.47527932949,-7.14471632608
319.0,6.84260797394,1.30252916442,-7.55737790371
320.0,7.22156512464,1.37259502864,-7.87336530541
321.0,7.62523443814,1.12908962735,-7.97518413091
322.0,7.98650541113,0.981110442084,-8.28770419428
323.0,8.28433557174,1.23970836117,-8.37867582768
324.0,8.49584233704,0.83173301589,-8.80481873448
325.0,8.68656430333,1.27075754026,-9.4262107201
326.0,8.9141787734,0.822872074485,-8.99926000833
327.0,9.07021095138,0.793022965758,-9.12638403779
328.0,9.29066715968,0.942534959289,-9.26800376057
329.0,9.30931676444,1.24397598934,-9.61660060275
330.0,9.46980331886,0.976306376004,-9.67402588701
331.0,9.46882350595,1.01705072167,-9.72608074503
332.0,9.71917191474,0.720913423607,-9.7643077631
333.0,9.77075296966,0.611957404286,-10.0255504667
334.0,9.86326393869,0.883514835521,-10.0420680583
335.0,9.86561174853,0.751236793836,-9.753216382
336.0,9.89867140809,0.815408939643,-10.1456180053
337.0,9.9267571363,0.8098654621,-10.035935039
338.0,9.96417777043,1.08355392424,-10.328341544
339.0,10.0501988476,0.819793044448,-10.1335093134
340.0,10.0573132743,1.11459958037,-10.2517399679
341.0,10.0978636737,0.802486653563,-10.2280096925
342.0,10.0749176833,0.834269592823,-10.3219878219
343.0,10.1208969269,1.08032772489,-10.2264129308
344.0,10.0832261932,1.16121100198,-10.4137222667
345.0,10.1895114604,0.847532253883,-10.46025223
346.0,10.1850711833,0.78570356034,-10.3453268977
347.0,10.1846111036,0.706182094443,-10.1465122045
348.0,10.2241112296,0.531880611878,-10.1229827856
349.0,10.1872626197,0.855625285916,-10.2920228888
350.0,10.2386908576,0.860878271632,-10.6004557678
351.0,10.1713311484,1.24693680661,-10.7625134971
352.0,10.1790892112,0.98707787273,-10.3719880415
353.0,10.2218789611,0.752866610704,-10.1768090351
354.0,10.2294514337,1.02505528958,-10.6439598595
355.0,10.2397730609,1.09039820965,-10.7388300283
356.0,10.2551287619,0.853694898076,-10.477352122
357.0,10.3168432486,0.873762577863,-10.6877677769
358.0,10.2678411078,0.80956430369,-10.3077077264
359.0,10.2726272658,0.507668308068,-10.2275877757
360.0,10.3170217504,0.691344710553,-10.2614062059
361.0,9.65847221358,0.94868727921,-10.1646060159
362.0,6.97421758868,1.21586408883,-7.78142147136
363.0,5.43171118515,1.32707384404,-6.01108487085
364.0,4.48026984091,1.4379394791,-5.22840119643
365.0,3.8930883897,1.48147511775,-4.72522694706
366.0,3.46673649699,1.52422067049,-4.3374046048
367.0,3.25072472824,1.34031916231,-3.82164426756
368.0,3.08745204466,1.35563043092,-3.69433589096
369.0,2.95047214052,1.34491984282,-3.46608774745
370.0,2.80332431759,1.26994785039,-3.36963977891
371.0,2.71192746248,1.25323807026,-3.16649636108
372.0,2.63060230166,1.22838374763,-3.11960599199
373.0,2.56028126132,1.25032130654,-3.07096626215
374.0,2.54422352251,1.17230649594,-2.92106726834
375.0,2.49135413771,1.16457595709,-2.90423767777
376.0,2.45343810264,1.11936855001,-2.78911639186
377.0,2.3967850441,1.15337374672,-2.82758842335
378.0,2.3999728078,1.13570877855,-2.57303903097
379.0,2.36636680445,1.08711532306,-2.6005685159
380.0,2.32603795083,1.14789425679,-2.75064629171
381.0,2.33156262488,1.10432020131,-2.61486594492
382.0,2.33093891796,1.13643344549,-2.64824045759
383.0,2.32393856051,1.03881778971,-2.5212649882
384.0,2.2450360203,1.16048946055,-2.65972133132
385.0,2.24435639262,1.24105981997,-2.6097446162
386.0,2.25712091133,1.06811369441,-2.41941979089
387.0,2.31787662003,0.994482372783,-2.16451717487
388.0,2.22608886328,1.00568554117,-2.43674264454
389.0,2.22619378337,1.17111001307,-2.54997827232
390.0,2.16588909882,1.05315514397,-2.55434728148
391.0,2.2193353949,1.07979070393,-2.39357750726
392.0,2.22765293239,1.07030983006,-2.33996642893
393.0,2.2237569223,1.04138111884,-2.25199043406
394.0,2.19204822863,1.00880789466,-2.28684009629
395.0,2.16662946415,1.06739853568,-2.33607855225
396.0,2.17863779067,1.0437083395,-2.31224578927
397.0,2.206346581,1.03156765354,-2.26187500875
398.0,2.18476289319,1.01760543228,-2.30291661604
399.0,2.18236270131,1.04168290985,-2.23836663555
400.0,2.16242899784,1.07692096999,-2.42903686422
401.0,2.14144165461,0.946951320053,-2.21770042615
402.0,2.1662149058,0.991278426083,-2.26034038636
403.0,2.15732619872,1.11974384269,-2.37217532093
404.0,2.17580972178,0.969936619417,-2.19725183403
405.0,2.12684049142,1.05911172936,-2.28845249385
406.0,2.14340938738,1.04136127485,-2.30931785865
407.0,2.15515636159,1.00130183516,-2.24718177488
408.0,2.14196513264,1.0415265768,-2.24816424531
409.0,2.16224655149,1.03344371378,-2.10868970811
410.0,2.13537820423,1.04292293909,-2.29538414532
411.0,2.11528003175,1.04468521672,-2.27226056529
412.0,2.13829081721,0.989948548917,-2.07911736813
413.0,2.13878511813,0.963269337303,-2.21518942037
414.0,2.11748829055,1.01544590542,-2.27010360211
415.0,2.11985984392,1.06409696088,-2.32130330037
416.0,2.08956986797,0.996792190451,-2.34035049625
417.0,2.10777451461,0.922292832716,-2.13591236179
418.0,2.11572935653,0.960011550132,-2.26504426129
419.0,2.10381127658,1.03863671343,-2.34625802983
420.0,2.12580102272,1.02196164897,-2.24751190253
421.0,2.10888658236,0.961720227921,-2.19899639108
422.0,2.18867637936,0.986053843543,-2.21025560886
423.0,2.20366168748,1.04304634416,-2.55510883972
424.0,2.2928160089,1.0994507002,-2.75852696752
425.0,2.39478220408,1.07846606786,-2.67605020454
426.0,2.51735468281,1.20257385362,-2.8814351801
427.0,2.6811444741,1.24334825727,-3.21077744971
428.0,2.86912671219,1.43049957987,-3.57252036204
429.0,3.08382539142,1.30569020698,-3.73239937992
430.0,3.36395850753,1.43542772118,-4.1500041374
431.0,3.63530363759,1.5134832483,-4.33430483042
432.0,3.96495060523,1.53239480155,-4.80946278211
433.0,4.32413290736,1.53326097513,-5.30051456608
434.0,4.74127042154,1.68409093849,-5.74847647149
435.0,5.21766108976,1.49217873491,-6.00613442097
436.0,5.778359513,1.27661917605,-6.32128135052
437.0,6.10878229301,1.51134078788,-6.8055243691
438.0,6.60800345663,1.27011304056,-7.23792162251
439.0,7.04303159595,0.914828980972,-7.47811075529
440.0,7.37710984362,1.36209266938,-8.0222579833
441.0,7.77012690489,1.24288504055,-8.16459805033
442.0,8.1663393739,0.903305469881,-8.32887299427
443.0,8.42491343499,1.06038862037,-8.84456629454
444.0,8.62961754688,0.722027884386,-8.94179594829
445.0,8.82657318229,1.13591758656,-9.25432532271
446.0,9.11046140615,0.56167628256,-8.7168819642
447.0,9.23334474224,0.706460084592,-9.25674258632
448.0,9.33378222198,0.905471070632,-9.38538384281
449.0,9.41092629909,0.868832851776,-9.64813240949
450.0,9.53621611493,1.06033141819,-9.89132268092
451.0,9.6356881267,0.723444322932,-9.86103512211
452.0,9.67960002592,0.97078669281,-10.031056016
453.0,9.74598414314,1.20237990524,-10.2324079586
454.0,9.85414454463,0.818692310831,-10.0311831247
455.0,9.90662237953,0.887028140369,-9.99190845626
456.0,10.0167888957,0.359706038923,-9.48216994502
457.0,9.97501194376,0.763341153627,-10.1993182431
458.0,10.0345137119,0.756656322441,-9.94473788703
459.0,9.92825062195,1.10782008255,-10.2619907773
460.0,10.0907907586,0.413421311855,-9.9979282838
461.0,10.0786822367,1.00817554778,-10.3850051743
462.0,10.0941847308,0.95562637134,-10.2276553488
463.0,10.1410117553,0.932374916047,-10.0628418625
464.0,10.1259500462,0.91230482925,-10.1895055446
465.0,10.1277469256,1.14005545942,-10.3245501604
466.0,10.1669403442,0.877659884321,-10.5033148899
467.0,10.1722103379,0.673990721151,-10.0009612715
468.0,10.2114359522,0.764717535622,-10.3035827311
469.0,10.2091460036,0.540520638515,-10.0517427242
470.0,10.2075560504,0.886637901498,-10.2967792189
471.0,10.2536456164,0.77392013306,-10.4418472502
472.0,10.2081553522,0.972678992925,-10.6559040849
473.0,10.1931543754,0.991149112528,-10.2211466603
474.0,10.2183720912,0.947017793851,-10.3579291108
475.0,10.2176810987,0.883630709153,-10.6130533386
476.0,10.2233029261,0.708831889944,-10.3188650829
477.0,10.2503087861,1.20284691555,-10.625031144
478.0,10.2935476403,0.804709530044,-10.3444252901
479.0,10.2091510511,0.914238178065,-10.5210532051
480.0,10.3193550063,0.680518746548,-10.3383416449
481.0,8.91253809938,0.847109933413,-9.2344601237
482.0,6.57088769266,1.11852114886,-7.24992413839
483.0,5.15990920256,1.46393885786,-5.91273955629
484.0,4.34352201606,1.33661551597,-5.11283785761
485.0,3.79019316034,1.37213099256,-4.40776844792
486.0,3.4310361431,1.42536540816,-4.16414373479
487.0,3.23003044996,1.35820249605,-3.94922184378
488.0,3.0395698841,1.2972074748,-3.52056832867
489.0,2.90615044027,1.19553312522,-3.39019610915
490.0,2.75930500892,1.20349259824,-3.28791735007
491.0,2.68174810029,1.31317696564,-3.32433540273
492.0,2.62314492099,1.26365708418,-3.17521005918
493.0,2.56881621211,1.1894164673,-3.05687200836
494.0,2.52275059432,1.1644901645,-2.96989592321
495.0,2.54526110272,1.10908772825,-2.62708783782
496.0,2.4710037333,1.21927509738,-2.71284929198
497.0,2.43395850335,1.17403780341,-2.76635431379
498.0,2.41071596197,1.12410616752,-2.66009328834
499.0,2.35071696551,1.025467221,-2.70313230665
500.0,2.32425438067,1.05232147286,-2.64408974528
501.0,2.34977629656,1.11608417858,-2.56712950687
502.0,2.3235817126,1.12887185959,-2.5829260916
503.0,2.3182069845,1.14835536835,-2.51545081933
504.0,2.26652404952,1.17370580954,-2.66155484317
505.0,2.24311459083,1.10562575076,-2.55376314756
506.0,2.2806990257,0.984289319891,-2.28921272471
507.0,2.18887002407,1.05859956979,-2.60467243913
508.0,2.25232785945,1.11125437305,-2.5168239763
509.0,2.2522431116,1.0275029288,-2.26835016997
510.0,2.21865850291,1.01481555135,-2.36116684478
511.0,2.17642209243,1.13426842826,-2.64565219481
512.0,2.23780001434,1.05967187499,-2.27101571209
513.0,2.203288266,1.03543301647,-2.45393215377
514.0,2.20660839467,1.1128184537,-2.38975007081
515.0,2.15859172772,1.08613155992,-2.60505799428
516.0,2.20173534254,0.9823933715,-2.20000890242
517.0,2.17406387281,1.05598503046,-2.34425462811
518.0,2.17033673117,1.04658093923,-2.28778947123
519.0,2.17483865132,1.04279253406,-2.20059507326
520.0,2.15768389694,0.921778335852,-2.19569111891
521.0,2.11546453372,1.02197684699,-2.41363181388
522.0,2.16275243072,1.08935436068,-2.33614250523
523.0,2.15046608873,1.08720780666,-2.30263676411
524.0,2.1646019582,1.12006520142,-2.34501214324
525.0,2.1279965681,0.916019755853,-2.28098479437
526.0,2.14672398191,1.02730009533,-2.19892657258
527.0,2.11267260311,0.949961532697,-2.23973994005
528.0,2.14045585677,1.02097859496,-2.19776131778
529.0,2.15638320998,1.12365104966,-2.32206280092
530.0,2.1450179748,1.04554060807,-2.28206062808
531.0,2.17792259869,0.977725640488,-2.06281092349
532.0,2.12900965322,1.01688834963,-2.21502247943
533.0,2.12909993007,1.06670400909,-2.25113126703
534.0,2.12027966734,1.06162105511,-2.33141802817
535.0,2.1108774859,0.954664657073,-2.11790955801
536.0,2.07118614859,1.03979653634,-2.40395176516
537.0,2.12160225243,0.995681557041,-2.29141895173
538.0,2.14613140161,0.983767961631,-2.18039543053
539.0,2.15113428869,0.959268650175,-2.09729492546
540.0,2.11029094707,1.12215888626,-2.35514592675
541.0,2.14714441632,0.912527113325,-2.16951794796
542.0,2.1668380268,1.07592033363,-2.35735752748
543.0,2.24072200958,1.07433798232,-2.58633999602
544.0,2.3306947937,1.19741504001,-2.61652490153
545.0,2.44919552157,1.18762248532,-2.75829226953
546.0,2.58038923151,1.21550218301,-3.10949856599
547.0,2.72336119679,1.25592521103,-3.29117177068
548.0,2.92249383309,1.24383663623,-3.55969432259
549.0,3.1729955881,1.34518963767,-3.8061629337
550.0,3.37403614585,1.42513711814,-4.17520393382
551.0,3.70624905358,1.5590753166,-4.39314115341
552.0,4.07073217828,1.54635561342,-4.90317348551
553.0,4.48938721079,1.39977371095,-5.29546400065
554.0,4.88610444686,1.68934217888,-5.8861689867
555.0,5.35159685899,1.54657122045,-6.09229185612
556.0,5.83338399282,1.15083295685,-6.32666339733
557.0,6.30119946625,1.40944196848,-6.89144712733
558.0,6.70687025218,1.17610583869,-7.23324050537
559.0,7.16151772933,1.0762922904,-7.63491066919
560.0,7.59277469242,1.22620423356,-7.91612646129
561.0,7.91612051561,1.1795546019,-8.23014815503
562.0,8.16877829405,1.05717113685,-8.71691334801
563.0,8.43503423691,0.930525816122,-8.47632058538
564.0,8.76088208635,1.0733355853,-9.02190232631
565.0,8.85730845109,1.1932665344,-9.37562756285
566.0,9.04901864742,0.892576706034,-9.2453979949
567.0,9.18647019977,1.20898891826,-9.5783768582
568.0,9.27438835336,1.32707021923,-10.033071367
569.0,9.48936547011,0.759965404209,-9.28655935684
570.0,9.56723971355,0.664057932196,-9.34645646581
571.0,9.64300887067,0.639150043807,-9.68986757371
572.0,9.73482463566,1.07298956382,-9.78818023211
573.0,9.77348216113,0.48494943567,-9.54621887222
574.0,9.90051800327,0.819730051808,-9.76760027769
575.0,9.9051895397,0.60112930204,-9.82841740993
576.0,9.97041297957,0.966670879388,-10.2235272742
577.0,10.0332658417,0.784274839092,-9.86167031802
578.0,9.99202155609,1.27423178714,-10.5566098148
579.0,10.068754984,1.03219984988,-10.4075988443
580.0,10.0797686165,0.936885181244,-10.2327001308
581.0,10.0310344355,1.08163120434,-10.1689203152
582.0,10.0969095666,1.30366744922,-10.6000161736
583.0,10.102383318,0.939451669076,-10.4022593532
584.0,10.1633390428,0.828944948142,-10.1764606344
585.0,10.1419423904,0.836099462516,-10.3515347402
586.0,10.170391371,0.975892430906,-10.3527546559
587.0,10.1162122883,1.21086098428,-10.5949499327
588.0,10.1571524128,0.670682936713,-10.1496182186
589.0,10.1829422541,0.971475214668,-10.3697036198
590.0,10.2314723994,0.982779198793,-10.3594972406
591.0,10.1734283814,1.17962653612,-10.4838054557
592.0,10.1435399662,0.675132584236,-10.1110168222
593.0,10.1910429774,0.679421437066,-10.2266956579
594.0,10.1672784333,0.412717489402,-9.99571127934
595.0,10.2105946247,0.795318138563,-10.191944339
596.0,10.1554885745,1.03035797159,-10.219476181
597.0,10.2171015305,0.899513237578,-10.3482599888
598.0,10.2224138115,0.789587181452,-10.1321322968
599.0,10.2446569803,1.01452949806,-10.6165095706
600.0,10.2457971838,1.07145839221,-10.6378370426
601.0,8.28643243906,0.934924283783,-8.67319240636
602.0,6.21263918186,1.09202662761,-6.84240185776
603.0,4.97042912626,1.50934760093,-5.93521414665
604.0,4.22440945172,1.3650737205,-4.99759320243
605.0,3.74478051914,1.44405454079,-4.34768665217
606.0,3.4092222735,1.336227717,-4.0747615323
607.0,3.20356124873,1.2405072361,-3.69939382595
608.0,3.01767252729,1.46517575126,-3.73748052677
609.0,2.86266573996,1.27244685972,-3.29642246779
610.0,2.7566457629,1.27677638152,-3.32197686036
611.0,2.67293638229,1.21154382395,-3.17891964664
612.0,2.59278527751,1.28544804831,-3.28283502103
613.0,2.53298383705,1.21634562901,-3.0756533435
614.0,2.51285773305,1.17496965583,-2.86734525049
615.0,2.48084089662,1.19418193883,-2.89984759466
616.0,2.45038968227,1.09819594771,-2.7208383335
617.0,2.39994569784,1.17766458889,-2.82070648762
618.0,2.38768367879,1.14376764899,-2.75557352875
619.0,2.36632076988,1.06930324148,-2.51210662438
620.0,2.32623605483,1.15375691233,-2.70364200853
621.0,2.28844684994,1.08742752291,-2.75770963218
622.0,2.28809333959,1.11666766089,-2.71558624443
623.0,2.31638510687,1.095904584,-2.50994872143
624.0,2.29186894302,1.03787488727,-2.54712159776
625.0,2.24646411327,1.0933472458,-2.5690602447
626.0,2.31075443503,1.06196477858,-2.31902191515
627.0,2.28850800848,1.09764798205,-2.50530240262
628.0,2.2296709162,1.08713108294,-2.47808839487
629.0,2.21678597165,1.0214685411,-2.54843624968
630.0,2.23640850736,1.03955012786,-2.28343076428
631.0,2.23942981361,1.09651793144,-2.30918334946
632.0,2.20694473742,1.02388960434,-2.35928266759
633.0,2.19607991223,1.02012545311,-2.33688894784
634.0,2.18826822914,1.08248133541,-2.40420670482
635.0,2.21281931134,0.971689488429,-2.23880526679
636.0,2.16694430695,1.08144764234,-2.4184109286
637.0,2.22001918372,0.976951462044,-2.15146289624
638.0,2.19515932974,0.978628535314,-2.24279155588
639.0,2.16307248521,1.06216462607,-2.41493134211
640.0,2.12377958346,1.1520618221,-2.61483282649
641.0,2.16130927323,0.994691805178,-2.29223729104
642.0,2.18889971914,0.989504685513,-2.17827880187
643.0,2.1524816535,0.916048704403,-2.20310650366
644.0,2.17925253332,1.06098977938,-2.24070527136
645.0,2.18581115945,1.03183770709,-2.23556473935
646.0,2.12674858017,1.08566930889,-2.36475842509
647.0,2.18557357222,0.998566015812,-2.12349678133
648.0,2.14053325368,1.11684936778,-2.28965623648
649.0,2.1386562599,1.03682455124,-2.3241285418
650.0,2.11361892713,0.98387970577,-2.38197054519
651.0,2.15037396815,1.03389019911,-2.27758836925
652.0,2.16223038937,0.985948191995,-2.10071251365
653.0,2.1701621919,1.0199089579,-2.10787079645
654.0,2.149818602,0.940019114433,-2.16728934971
655.0,2.12659018233,1.00961758796,-2.15608757092
656.0,2.14959445173,0.994094667141,-2.1655207763
657.0,2.1069220985,1.00260430936,-2.12362799051
658.0,2.16358073044,1.0012749651,-2.17458096225
659.0,2.07698477099,0.955987899888,-2.27813723871
660.0,2.10555290141,1.06098630534,-2.29990761386
661.0,2.16374170264,0.983733902706,-2.2342041714
662.0,2.21157134583,1.05698245709,-2.44753870249
663.0,2.27870979546,1.10757103633,-2.52521770985
664.0,2.36068089698,1.17793677898,-2.73163859505
665.0,2.49470098151,1.11029285275,-2.76180192291
666.0,2.60836697108,1.21582340912,-3.06609686807
667.0,2.77791655024,1.27653458709,-3.29727179813
668.0,2.93641814838,1.33474332331,-3.7453279246
669.0,3.1977009747,1.38983752802,-3.93079859776
670.0,3.44350396732,1.57775388642,-4.23163915746
671.0,3.77439914149,1.55704537076,-4.7803169425
672.0,4.14355999314,1.56400838007,-4.91271219701
673.0,4.5291848935,1.50070574576,-5.21860952382
674.0,4.98841698482,1.48097086137,-5.73460793377
675.0,5.40067612616,1.55581907376,-6.26268456753
676.0,5.88366152346,1.19768362351,-6.40560289845
677.0,6.35038177233,1.23319466138,-6.78228508948
678.0,6.83679185116,1.25458328421,-7.21123562734
679.0,7.18684974845,1.18528477747,-7.86533346385
680.0,7.64595708073,0.828007155252,-7.55362369115
681.0,7.91141869315,1.06039186277,-8.21093785419
682.0,8.20148416794,0.9874218028,-8.56750144051
683.0,8.51244569769,0.817935830541,-8.42255098399
684.0,8.74329930897,0.684628256412,-8.58181559678
685.0,8.94774982252,0.839707575209,-8.88192239174
686.0,9.087637839,0.851480144366,-8.94902378042
687.0,9.1868382855,1.05977583289,-9.64582978137
688.0,9.39157266602,0.684998562327,-9.66868520368
689.0,9.42938542873,0.900907178669,-9.58410760615
690.0,9.60319066637,0.965181821526,-9.52841391214
691.0,9.63313166821,0.783619231246,-9.98434691057
692.0,9.74041745766,0.954324865419,-9.95784208441
693.0,9.79564543173,1.12895618139,-10.0180505891
694.0,9.8369054847,0.824641299129,-9.99361934602
695.0,9.91166542274,0.98945406567,-10.1097154259
696.0,9.96108727319,0.805480465804,-9.84215839863
697.0,9.94585778189,0.814827271697,-10.0889200315
698.0,10.0153811621,0.802629690442,-9.8773706734
699.0,10.0934603862,0.684757437068,-9.86263495723
700.0,10.1230921056,0.839359344368,-10.2929515361
701.0,10.1121360366,0.642956513973,-10.1266475939
702.0,10.1299077742,0.473475711449,-9.93802598885
703.0,10.1285564844,0.815071323575,-10.2571526345
704.0,10.1192029531,1.16220717846,-10.4130934441
705.0,10.1379536862,0.947930571295,-10.2822190606
706.0,10.1971948753,0.506425442504,-9.85340470562
707.0,10.1772834558,0.651462460398,-10.1547441637
708.0,10.1835369343,1.31659279206,-10.5171090451
709.0,10.2262077809,0.513454922777,-10.0490297858
710.0,10.2221224676,0.571092875767,-10.1237254075
711.0,10.2169603176,0.64782154193,-10.20398733
712.0,10.1748699283,0.966203405951,-10.4203978198
713.0,10.2414441529,0.735890366157,-9.91945251294
714.0,10.178667057,1.00127871641,-10.537831798
715.0,10.2148383715,0.65942547452,-10.1033021605
716.0,10.2536527401,0.909470061457,-10.3849376436
717.0,10.2193268764,0.92603711192,-10.0870769672
718.0,10.1944632936,0.720623558511,-10.4843149307
719.0,10.272741082,0.777221474144,-10.1454577655
720.0,10.1810032688,1.01182190772,-10.4720566979
721.0,7.66088246829,0.991359221529,-8.26951303511
722.0,5.81583959104,1.17773462899,-6.64417584219
723.0,4.70764969522,1.447459331,-5.54155689744
724.0,4.02979315771,1.51230675186,-4.65966863069
725.0,3.62782510381,1.43929560246,-4.30935242843
726.0,3.34805253381,1.3889252534,-3.98224211829
727.0,3.11482174397,1.33743296716,-3.78744799606
728.0,2.971459676,1.35550686318,-3.55192627822
729.0,2.90286027137,1.21263112084,-3.24227732686
730.0,2.79271197301,1.26725299522,-3.12304745861
731.0,2.68030143803,1.17966714695,-3.11434204944
732.0,2.60125169168,1.29552400724,-3.20000878422
733.0,2.55557373191,1.25570574787,-3.0879818987
734.0,2.52467104496,1.11911044138,-2.96400137026
735.0,2.45630227513,1.25101544762,-3.02253953603
736.0,2.45621502889,1.17850605708,-2.76393749319
737.0,2.43117675994,1.06569318383,-2.64466436723
738.0,2.38667415239,1.10203924698,-2.59400430677
739.0,2.3619894908,1.23423011902,-2.84004582226
740.0,2.3428878863,1.12025437082,-2.57020245866
741.0,2.31995044756,1.11315830478,-2.59465206149
742.0,2.28470493987,1.12573390947,-2.65435605608
743.0,2.33032702132,1.08612764306,-2.40095172701
744.0,2.28941963313,0.970202902212,-2.34811076087
745.0,2.31679446314,1.03747375254,-2.42101368861
746.0,2.27601278264,1.11125223759,-2.4192018833
747.0,2.24358042242,1.09475405955,-2.5388866951
748.0,2.24292212438,1.11258078283,-2.54524829095
749.0,2.25693840448,1.13794342699,-2.4838033935
750.0,2.26067309044,1.03166031023,-2.36656702168
751.0,2.23024235914,1.06711455257,-2.34553375026
752.0,2.24017925291,1.19690125318,-2.51441876147
753.0,2.20853682603,1.18764114011,-2.48831774096
754.0,2.17069949404,1.07050260219,-2.42174833892
755.0,2.20065445589,0.935738374898,-2.23241864256
756.0,2.18206621597,1.05007081636,-2.51336359863
757.0,2.18762486129,1.11542951674,-2.40339119748
758.0,2.22002377219,1.11513034022,-2.35163885226
759.0,2.2076963286,1.01595242239,-2.31047469701
760.0,2.20537292379,1.09017860099,-2.35831991077
761.0,2.17863545101,0.979183203985,-2.33548562725
762.0,2.1948356571,1.08629199869,-2.25112173656
763.0,2.19050469196,0.963418960934,-2.13304587839
764.0,2.18047191269,1.02237785985,-2.17881034919
765.0,2.13720730526,1.05823939778,-2.31074945711
766.0,2.13394680931,1.09437736698,-2.34422190419
767.0,2.13445314973,1.07951806304,-2.3281406735
768.0,2.18622724373,0.948699721912,-1.98043962792
769.0,2.10368366524,1.14172969923,-2.51850818238
770.0,2.13852592099,1.03734228841,-2.2214070217
771.0,2.16202305941,1.01075706031,-2.19329298184
772.0,2.15552992374,1.06767257822,-2.2131697325
773.0,2.11883346561,1.05395273368,-2.27746414727
774.0,2.11437291318,0.950641484925,-2.26537273398
775.0,2.1407294084,0.905877425441,-2.10654997519
776.0,2.13717020923,1.07913837813,-2.1887024001
777.0,2.12722063064,0.977569899519,-2.25044587407
778.0,2.12753789648,1.01046940799,-2.25130761777
779.0,2.14377566348,1.03074875854,-2.19587256317
780.0,2.1071815829,1.04257403878,-2.27601899827
781.0,2.13357039443,1.00335959571,-2.37473650591
782.0,2.21910467992,1.03546441123,-2.27726760952
783.0,2.31785586312,1.14879139088,-2.48954613566
784.0,2.39399599621,0.996462279893,-2.56905344048
785.0,2.50566518835,1.16941865442,-2.96801572452
786.0,2.65237772353,1.2635884533,-3.05159138455
787.0,2.83897340865,1.23704455542,-3.27439564826
788.0,3.00290983302,1.47402579484,-3.82185177881
789.0,3.24066353196,1.32818700463,-3.96948051316
790.0,3.54274638621,1.41491689993,-4.22962825274
791.0,3.86106636581,1.39751228415,-4.69841366534
792.0,4.26820326074,1.49531305296,-4.87843112126
793.0,4.63849429387,1.58312650443,-5.57905088275
794.0,5.07618979559,1.40026739404,-5.73172509091
795.0,5.50525753985,1.51977699801,-6.18077634902
796.0,5.97438003881,1.30380370403,-6.60915899106
797.0,6.46146196137,1.29212789322,-7.17868572039
798.0,6.96703194014,1.08443673766,-7.17366449222
799.0,7.33109594834,1.30339818862,-7.72105324228
800.0,7.70274503484,1.14969814076,-8.20806368799
801.0,8.01155524812,0.934382108457,-8.01855845479
802.0,8.3443273956,0.949089519253,-8.07864448058
803.0,8.55815882604,0.719128837412,-8.55213022692
804.0,8.77627064225,1.24179910604,-9.17515369433
805.0,8.97990239896,0.705174823765,-9.0294434585
806.0,9.1517925769,0.648788706912,-9.04466824255
807.0,9.26212754188,0.762298949977,-9.35728542524
808.0,9.41451517803,0.743268404319,-9.67750484797
809.0,9.53386599936,0.697626133332,-9.52408995794
810.0,9.63088593102,0.873349092299,-9.73585220156
811.0,9.65686070695,0.952058394333,-9.9475024644
812.0,9.7326614871,1.03933813221,-10.1784281554
813.0,9.83919763079,0.824918748404,-9.56164309604
814.0,9.8439996703,0.846230523977,-9.7034412397
815.0,9.89889936054,0.860014961087,-9.62974118458
816.0,9.89610333143,0.780578065491,-9.77862506113
817.0,9.96415745168,1.07062874811,-10.1361764569
818.0,9.97971724366,0.858055080127,-10.0126553724
819.0,10.0534159091,0.573190243159,-9.73820063035
820.0,10.0456051442,0.914690778383,-10.3881824834
821.0,10.0939633527,0.738409733549,-9.92319257506
822.0,10.0299785732,1.28817293989,-10.3765702418
823.0,10.1493583063,0.844079991485,-10.2435852389
824.0,10.0975692362,0.960839529487,-10.2880786318
825.0,10.1570218471,0.703536608715,-9.97467100561
826.0,10.1429477915,0.986063396231,-10.2579974687
827.0,10.1366382282,0.761254572172,-10.3355753271
828.0,10.2119192998,0.870407100188,-10.197436733
829.0,10.1572862963,1.12510383092,-10.5242629451
830.0,10.1506755679,0.838701396889,-10.2403267523
831.0,10.2058902685,0.785605258044,-9.99976911393
832.0,10.1079090537,1.12238401061,-10.3159452743
833.0,10.1894494176,0.89377459545,-10.2818224442
834.0,10.2949025365,0.405556929993,-10.1204902265
835.0,10.1787145722,1.11176221756,-10.5215167731
836.0,10.2543900351,0.717217916169,-10.1477464045
837.0,10.2287104399,0.72851733293,-10.3130412368
838.0,10.2292631503,0.792066647307,-10.0856930759
839.0,10.2698218763,0.730200916599,-10.21744802
840.0,9.98460959033,1.07127263927,-10.5175775561
841.0,7.18448070205,1.1123247996,-7.8021971517
842.0,5.53616139725,1.22876409364,-6.04602763739
843.0,4.53948738992,1.62096838628,-5.39349570877
844.0,3.95257918773,1.47099511755,-4.64911226103
845.0,3.55165450144,1.42991992849,-4.32876274836
846.0,3.29855310795,1.29369853507,-3.74942755294
847.0,3.06485198436,1.33740023668,-3.64260399108
848.0,2.89195210601,1.29940285935,-3.47952143324
849.0,2.81941272883,1.25417113501,-3.37525757337
850.0,2.73608180388,1.17949160542,-3.05142761738
851.0,2.67681840805,1.20665089516,-3.01648618093
852.0,2.60044593578,1.19639538633,-2.99289312787
853.0,2.54118939047,1.15985863284,-2.97010785259
854.0,2.48411591274,1.20161557956,-2.95380475732
855.0,2.48817562418,1.26017866151,-2.86129659268
856.0,2.37311856985,1.12800602749,-2.98375952285
857.0,2.40995292922,1.10219166227,-2.66575646489
858.0,2.406067504,1.11515188857,-2.55035954454
859.0,2.37383034904,1.14918008817,-2.61869663697
860.0,2.3140888235,1.0851610325,-2.71099338616
861.0,2.33008632072,0.997264208235,-2.50932162636
862.0,2.27418528052,1.00170530874,-2.72059401139
863.0,2.28626421536,1.04440155873,-2.5079491451
864.0,2.3046346671,1.08985949935,-2.4984512704
865.0,2.31135663562,1.08856631137,-2.48643639149
866.0,2.30406943029,0.927324262586,-2.32573900223
867.0,2.21982185926,1.08209045749,-2.57090128716
868.0,2.25046355646,1.03777488626,-2.45262916924
869.0,2.2558972196,1.02477966824,-2.28892976699
870.0,2.17866441909,1.10459840811,-2.49470590032
871.0,2.2467717982,1.05450340135,-2.42281675772
872.0,2.20405454106,1.07309383157,-2.40250444925
873.0,2.24237596484,1.07771463337,-2.37335321256
874.0,2.20871466781,1.00273872994,-2.40764965585
875.0,2.22665541002,1.01412815293,-2.27888716754
876.0,2.1927335812,1.04117434093,-2.26793860645
877.0,2.20607405318,0.994234798421,-2.29336333147
878.0,2.18198184707,1.08214846138,-2.40107738142
879.0,2.18298874264,1.03483080227,-2.33450634463
880.0,2.18370632634,1.09961903269,-2.37170559139
881.0,2.18354814103,1.03393174941,-2.24760219357
882.0,2.1973611106,0.973775556676,-2.20425536464
883.0,2.2071737435,1.06784495173,-2.22494309386
884.0,2.16928778771,1.13914327363,-2.32853158633
885.0,2.17128004224,0.995379937912,-2.27703818713
886.0,2.17097759354,1.05819678825,-2.25836218687
887.0,2.18192650206,1.02460539125,-2.16764370468
888.0,2.19640556335,1.00980100447,-2.19609115106
889.0,2.13127084546,0.935419537261,-2.17039750547
890.0,2.14287129579,1.04267226559,-2.30834993833
891.0,2.16790836222,1.14072189133,-2.28394635286
892.0,2.15670570855,1.06566694431,-2.30734146859
893.0,2.159366828,1.04305137479,-2.2241742949
894.0,2.13115138562,0.972269233725,-2.26577811535
895.0,2.19625052923,1.03825620843,-2.09330142099
896.0,2.17178975242,1.01131937187,-2.00821405876
897.0,2.14541832323,0.968552175421,-2.07811717286
898.0,2.12051554627,0.996862054367,-2.2317715772
899.0,2.16302644563,0.957525533835,-2.05421145198
900.0,2.1210279402,0.986384081862,-2.20510176513
901.0,2.16169320182,0.919746650325,-2.2222599824
902.0,2.23106124197,0.926342834483,-2.29045729338
903.0,2.32003685989,1.14244757524,-2.601664759
904.0,2.42423546664,1.10349959321,-2.6863951887
905.0,2.51667970579,1.12070212009,-2.84329484341
906.0,2.6885597143,1.19345308784,-3.12528718183
907.0,2.85628892963,1.38007794936,-3.54215395073
908.0,3.06440086622,1.42421258804,-3.74808379097
909.0,3.32904748361,1.41520343685,-4.04787821262
910.0,3.58217156242,1.49989905821,-4.34290156101
911.0,3.9065440139,1.55744834531,-4.68752547568
912.0,4.27000495789,1.5680736585,-4.96623717989
913.0,4.69228791003,1.51612250306,-5.40462995004
914.0,5.15466176374,1.52907514731,-5.81752634649
915.0,5.6167917365,1.52211034027,-6.61437251071
916.0,6.06664307304,1.22957138829,-6.56681318841
917.0,6.52557906436,1.23217614819,-6.83170032739
918.0,6.95881147425,1.23640111969,-7.49412983018
919.0,7.35894637896,1.27923255331,-8.04963678789
920.0,7.70619839415,0.970309480198,-7.95818176174
921.0,8.01664323827,1.01655886467,-8.34532792707
922.0,8.28356023411,1.2012787695,-8.88404574215
923.0,8.55289929207,1.10942971071,-8.68249618574
924.0,8.81606238686,0.714705795768,-8.76407391646
925.0,8.93890172398,1.17638198143,-9.34192626485
926.0,9.09311254889,0.889623711226,-9.25276094274
927.0,9.26880123049,0.641397042563,-9.13068041925
928.0,9.41963817124,0.651957436517,-9.16484963322
929.0,9.49397925662,0.913570002785,-9.38546188606
930.0,9.60409507,0.763586207871,-9.75913334575
931.0,9.70065861225,0.760272071081,-9.45136406175
932.0,9.66350756724,1.07731515076,-9.96749490624
933.0,9.79301706588,0.791641135619,-9.84705539399
934.0,9.89548954899,0.499766016474,-9.51690383483
935.0,9.88667589596,0.571094738552,-9.72404988613
936.0,9.95347081601,0.73837383284,-9.80314712434
937.0,9.93742852938,0.615835561734,-9.87921458905
938.0,9.99729686831,0.936758559842,-10.1942675403
939.0,10.0355982043,0.724080866698,-9.80455330434
940.0,9.98254099717,0.719210547227,-9.69667624317
941.0,10.0316355135,0.867042439911,-10.2033302132
942.0,10.0012723541,0.87204860689,-10.3178863431
943.0,10.0586877,0.683365962691,-10.1989597316
944.0,10.0707405366,0.961131159386,-10.0516693392
945.0,10.1156265792,0.779373264233,-10.0433167039
946.0,10.0974314449,0.829588114514,-10.2052762403
947.0,10.0692076816,0.695561280778,-10.1989906007
948.0,10.1671631465,0.632815731057,-9.98929545886
949.0,10.1353576813,1.16311486096,-10.4742738866
950.0,10.1261116827,1.0246483291,-10.2602393607
951.0,10.1759038359,0.971683047726,-10.1088305853
952.0,10.1800210706,0.917601906398,-10.3927869794
953.0,10.1816117638,0.85443730119,-10.2730473451
954.0,10.1752450721,1.21434386559,-10.3294230279
955.0,10.1696367601,0.959236448884,-10.1520788588
956.0,10.2266529071,0.665260832282,-10.2608257789
957.0,10.2156733306,0.745446479453,-9.93498636334
958.0,10.2133260128,0.771964527028,-10.1580767248
959.0,10.2172762309,1.17275060382,-10.6008912566
960.0,9.22491762258,0.914660212299,-9.30985481068
961.0,6.7510369621,0.959813440961,-7.23080180801
962.0,5.25167204989,1.57936813376,-6.1633452545
963.0,4.35555200901,1.65620934189,-5.25478168926
964.0,3.86571521282,1.45428480173,-4.47201449601
965.0,3.48892361989,1.42821171409,-4.10248639164
966.0,3.2262463349,1.34553063617,-3.7810041639
967.0,3.07027154952,1.31904904588,-3.56281954804
968.0,2.9004472839,1.28364600836,-3.45313137812
969.0,2.82777412398,1.30075568303,-3.34726697128
970.0,2.73548699869,1.10880740296,-2.94865431852
971.0,2.67263940343,1.15190204098,-2.91761305711
972.0,2.58472050807,1.28238088838,-3.06000751033
973.0,2.55319623077,1.2522829307,-3.0358874394
974.0,2.50148252282,1.10407881702,-2.76099201052
975.0,2.42983126569,1.12426761513,-2.87469627538
976.0,2.38626401527,1.25455799447,-2.95440442514
977.0,2.41046578591,1.18956177549,-2.68712603175
978.0,2.37226593364,1.19319562918,-2.83659196018
979.0,2.31355813562,1.12947124861,-2.72009068631
980.0,2.33514709103,1.10876482951,-2.59162736164
981.0,2.33140716347,1.05144599884,-2.41127500332
982.0,2.31282997428,1.0046613202,-2.39303643642
983.0,2.31411826553,1.12305040857,-2.43476766195
984.0,2.23250001592,1.13443925391,-2.59149853711
985.0,2.25027310407,1.13250632672,-2.59215733723
986.0,2.24310335559,1.0337235102,-2.43745577228
987.0,2.23887898411,1.12071089992,-2.59029200742
988.0,2.2805550078,1.0776259606,-2.38096650953
989.0,2.26442412321,1.08965575695,-2.36468372277
990.0,2.19649761397,1.17272230918,-2.60529238401
991.0,2.16982746471,1.05711754049,-2.44431300819
992.0,2.21716927806,1.02965564769,-2.22535282122
993.0,2.21889640213,1.07208850858,-2.38889161768
994.0,2.21815259512,1.0053209967,-2.21037366142
995.0,2.19514321919,1.0685905119,-2.42121846203
996.0,2.15875956886,1.09399957324,-2.44892953217
997.0,2.19060249894,0.965273069722,-2.27517690692
998.0,2.17699393298,1.08205901881,-2.3794937676
999.0,2.18952513378,1.00417594002,-2.26020696624
1000.0,2.1700384108,1.09821855373,-2.38502615425
1001.0,2.15377604098,0.913043857833,-2.14906812313
1002.0,2.17385921477,1.03997886595,-2.37221012485
1003.0,2.21680751399,1.05076135408,-2.21941098817
1004.0,2.1766857345,0.955431651555,-2.26964801638
1005.0,2.14122963658,1.06728859666,-2.34284739395
1006.0,2.1745945245,1.08082132016,-2.26562058656
1007.0,2.15257845604,1.04203869126,-2.24605844459
1008.0,2.15085336596,1.00149778321,-2.23324631093
1009.0,2.13780839059,0.973994682433,-2.34628488663
1010.0,2.16676312091,1.06271896758,-2.22691314395
1011.0,2.13791226273,1.06220289425,-2.33575535521
1012.0,2.1061348738,1.06629310324,-2.50254414975
1013.0,2.13165362154,1.03430429795,-2.30132065933
1014.0,2.17447968943,0.939827506698,-1.99619048366
1015.0,2.14440207246,0.999023060672,-2.14232759694
1016.0,2.15437766653,0.973356468894,-2.15406948008
1017.0,2.14270967392,0.948201479163,-2.12592697489
1018.0,2.16086641053,0.950887650485,-2.10238021005
1019.0,2.15762845193,1.04665194634,-2.10516350808
1020.0,2.15597845211,1.02951067017,-2.12547697133
1021.0,2.15394190419,1.02989569514,-2.07562260975
1022.0,2.15217325518,1.05774018685,-2.18042681611
1023.0,2.10146747373,0.963840000379,-2.21885478326
1024.0,2.13897331193,1.02997834897,-2.21604555139
1025.0,2.18708625259,1.00940952962,-2.13574448857
1026.0,2.11757841299,0.97319186756,-2.28820401428
1027.0,2.11935971005,0.987521743146,-2.23875639869
1028.0,2.13137281127,1.0075927619,-2.34293573186
1029.0,2.16930427056,1.07399638518,-2.26746928577
1030.0,2.14664549799,1.03926196774,-2.293638745
1031.0,2.12772392634,0.97561074204,-2.1896937152
1032.0,2.16386912862,0.976606860904,-2.16527518881
1033.0,2.14527442446,0.903135697323,-2.19643646265
1034.0,2.11899175356,0.940927131782,-2.153910652
1035.0,2.1381388504,1.0405451405,-2.23662163174
1036.0,2.1898132358,1.01158342879,-2.17913152223
1037.0,2.15220970567,1.02747887716,-2.21988758868
1038.0,2.1938353167,0.922702076553,-2.12457276637
1039.0,2.15981053866,1.11556157817,-2.41255322174
1040.0,2.14043540184,0.927652896504,-2.23459425806
1041.0,2.2155727827,1.01305949894,-2.1237417877
1042.0,2.13036129028,0.947183583372,-2.25482319507
1043.0,2.15557032796,0.952374222102,-2.1662771535
1044.0,2.20130585703,1.03637891592,-2.17838077108
1045.0,2.15895472761,0.994933695211,-2.24010869715
1046.0,2.20958704028,1.00190045307,-2.08614411195
1047.0,2.18999140456,1.03279106927,-2.24761570649
1048.0,2.19153905946,1.00659387086,-2.31736719307
1049.0,2.17723295287,1.04470319073,-2.41355523435
1050.0,2.21270396555,1.10167003928,-2.27580116426
1051.0,2.20132826964,1.05112822929,-2.31070585142
1052.0,2.19244130126,0.925723796681,-2.20966199169
1053.0,2.20019193591,1.03819389461,-2.22874484377
1054.0,2.21249724541,1.05881813361,-2.30017698583
1055.0,2.20521402555,1.08630574886,-2.24051790703
1056.0,2.19355074793,1.00097613826,-2.30275938587
1057.0,2.19873736613,0.988146382822,-2.36026553035
1058.0,2.2057053187,1.01407585502,-2.2094834791
1059.0,2.18062103272,0.924079423003,-2.33895145697
1060.0,2.18632770727,1.12874189628,-2.51502939285
1061.0,2.20068399122,1.00904259049,-2.22740374125
1062.0,2.21801776597,1.07586575115,-2.42471231147
1063.0,2.23673316831,1.05834348057,-2.28042747439
1064.0,2.18800607191,1.10630561851,-2.5372306703
1065.0,2.20937876243,1.10005536024,-2.42853312404
1066.0,2.23886189051,1.13849174629,-2.36233224717
1067.0,2.23982970035,1.01430773207,-2.25664772511
1068.0,2.22403210774,1.12805394483,-2.41998064261
1069.0,2.22529354496,1.05556255405,-2.30860058001
1070.0,2.2309582808,1.02032322641,-2.27555269235
1071.0,2.21828962388,1.13054038517,-2.40222660481
1072.0,2.22165101672,1.04284503955,-2.38723284334
1073.0,2.20637967812,1.00407485381,-2.35046183329
1074.0,2.27164904793,1.14895908777,-2.32902703842
1075.0,2.23917064476,1.06366892182,-2.42664055484
1076.0,2.22510885545,1.03315273536,-2.37489062347
1077.0,2.21971931843,1.10269335896,-2.37758325375
1078.0,2.20726845197,1.13213856381,-2.45781373506
1079.0,2.22509232359,1.00861501747,-2.3650402692
1080.0,2.2543511659,1.11465950227,-2.41414899642
1081.0,2.25430355493,1.21145410463,-2.47269856381
1082.0,2.25401911258,1.12138395337,-2.46917310155
1083.0,2.25105570406,1.04994671079,-2.39910248667
1084.0,2.21330081679,1.15070496902,-2.60869499302
1085.0,2.2302763858,1.06710809848,-2.52584714802
1086.0,2.23928030608,1.01638840819,-2.44893376053
1087.0,2.27356775006,1.11243336285,-2.45129996371
1088.0,2.23228567663,1.00586882694,-2.46258482561
1089.0,2.29186834771,1.03929345226,-2.30644426755
1090.0,2.25317828352,0.995164995096,-2.39697943423
1091.0,2.2873215396,1.13679164456,-2.338436943
1092.0,2.26142511387,1.08398613453,-2.39320518066
1093.0,2.23963561269,1.00565696401,-2.34027954842
1094.0,2.27970895905,1.14506240365,-2.48478357337
1095.0,2.25357105851,1.00368082453,-2.36964052127
1096.0,2.26903917842,1.06667226228,-2.44912415501
1097.0,2.26815808678,0.966044534332,-2.36350334611
1098.0,2.28997370104,1.16804839969,-2.39803028059
1099.0,2.2112240149,0.995942345089,-2.47809098405
1100.0,2.32975251335,0.994383521536,-2.15291905432
1101.0,2.28712092585,1.02935293137,-2.35274715068
1102.0,2.25063406589,1.01486889917,-2.48942237646
1103.0,2.26605535659,1.05408540686,-2.40321075247
1104.0,2.26157890553,1.04958660075,-2.44010254187
1105.0,2.27589503005,1.03124597811,-2.4695107054
1106.0,2.25708813795,1.14660192137,-2.59795049231
1107.0,2.25466232362,1.09412687855,-2.50981398743
1108.0,2.25000727103,1.10278181039,-2.56295670786
1109.0,2.27556936725,1.03391853405,-2.37285817083
1110.0,2.26933926785,1.09954513884,-2.51258870126
1111.0,2.27406686752,1.054225184,-2.40603491055
1112.0,2.26821906771,1.18247329866,-2.53222100872
1113.0,2.29129174532,1.05372977099,-2.36672955684
1114.0,2.26022520511,1.07867284265,-2.50672699386
1115.0,2.28922610493,0.95204842904,-2.42047271301
1116.0,2.29455720764,0.973902689914,-2.38309124679
1117.0,2.23558606332,1.11153070172,-2.647129244
1118.0,2.24514899257,1.05094356596,-2.44357316941
1119.0,2.28388986324,1.0610000746,-2.51414116138
1120.0,2.31957168372,1.02157443337,-2.39344277245
1121.0,2.28136785863,1.05260475643,-2.47583199911
1122.0,2.24880198285,1.15174330249,-2.77289948785
1123.0,2.28376696329,1.13252671071,-2.50997400608
1124.0,2.34640093826,1.01640021606,-2.32048781294
1125.0,2.29000207399,1.07563527514,-2.46365339573
1126.0,2.31949555761,1.15919854396,-2.58127627629
1127.0,2.31001062909,1.12260217148,-2.42214374003
1128.0,2.29828742344,1.15101463987,-2.57258269412
1129.0,2.27536321721,1.01378711456,-2.54340585986
1130.0,2.30333537063,1.13379641957,-2.60162216264
1131.0,2.30425644466,1.02762171876,-2.48331653351
1132.0,2.31127722955,1.10398959047,-2.63432665596
1133.0,2.27622245703,1.1413962141,-2.65527919283
1134.0,2.28009811728,1.10611982823,-2.60252035014
1135.0,2.30174678378,1.18212212487,-2.65989307001
1136.0,2.31948962088,1.13653465361,-2.49897574457
1137.0,2.26232253327,1.14461375188,-2.60428315457
1138.0,2.30721998424,1.12890426993,-2.56145048306
1139.0,2.33169413258,1.15845934076,-2.52313212861
