movie_name,movie_slice,roi_index,L1,L2,L3,L4,L5,L6,L7,L8,L9,L10,L11,L12,L13,L14,L15,L16,L17,L18,L19,L20,L21,L22,L23,L24
MVI_7916.MOV,0001,1, 26.4777, 39.3740, 23.3941, 18.4891, 16.7973, 20.1207, 26.1104, 23.5238, 26.7405,  8.6819, 30.5841, 35.5947, 12.6675, 18.9334, 22.9781, 28.4354, 38.1288, 17.6808, 49.4796, 35.9982, 29.7532, 24.7391,  8.9176,  4.2230
MVI_7916.MOV,0002,1, 27.4687, 39.9376, 24.0518, 23.7815, 20.1537, 24.3053, 26.5536, 24.0317, 27.8998, 13.4823, 34.0970, 38.8017, 12.7124, 19.4943, 23.4260, 32.2163, 40.8261, 21.6419, 50.0558, 36.4343, 29.5110, 28.4919, 13.4952,  5.7032
MVI_7916.MOV,0003,1, 27.3744, 39.8173, 25.1605, 25.3095, 21.4676, 24.7794, 26.7637, 25.0609, 27.9515, 14.6799, 34.0987, 38.4874, 13.6981, 19.6887, 24.6469, 31.7574, 40.6687, 22.6806, 48.9960, 35.9597, 29.1484, 29.4575, 15.0413,  7.2582
MVI_7916.MOV,0004,1, 26.0080, 38.8404, 24.5336, 23.0265, 19.6807, 22.8677, 25.5253, 24.1485, 26.4661, 11.6560, 31.6112, 36.5995, 12.6076, 18.5464, 23.4713, 29.4751, 38.8510, 19.9816, 47.8518, 34.9939, 28.8780, 27.3674, 12.6034,  5.2697
MVI_7916.MOV,0005,1, 27.3754, 40.0319, 25.7534, 25.8518, 21.5578, 25.3273, 27.3409, 25.3728, 28.5796, 14.7038, 34.2097, 38.7529, 14.1927, 20.2321, 24.6628, 31.9867, 40.8681, 23.2433, 49.1580, 36.3704, 29.6881, 29.9853, 15.1451,  8.6089
MVI_7916.MOV,0006,1, 27.1889, 39.7159, 25.3922, 25.3879, 21.5223, 24.9345, 26.7162, 25.0272, 28.0644, 14.5788, 33.9917, 38.5127, 13.6527, 19.9406, 24.6459, 31.5726, 40.6677, 22.7802, 48.8292, 36.0162, 29.6961, 29.8671, 15.3487,  6.7731
MVI_7916.MOV,0007,1, 29.6171, 41.2777, 27.3356, 26.5091, 22.5770, 26.2277, 28.9637, 26.9708, 30.1855, 15.1082, 35.0223, 40.0145, 15.7632, 21.9072, 26.0490, 32.7141, 41.7221, 24.4090, 50.2526, 37.4540, 30.8649, 30.8822, 15.8128, 11.2215
MVI_7916.MOV,0008,1, 29.7007, 41.4722, 27.5862, 26.4916, 22.9736, 26.2100, 29.2986, 27.2293, 30.5281, 15.1332, 35.0496, 40.0822, 16.4883, 22.3769, 26.7182, 32.6531, 41.9410, 24.3819, 50.2603, 37.8988, 31.0900, 30.8473, 15.9900, 11.1518
MVI_7916.MOV,0009,1, 30.3171, 42.1510, 28.4730, 27.2113, 23.6044, 27.2196, 29.8515, 28.1107, 31.0340, 15.6605, 35.9316, 40.6705, 16.7712, 22.7462, 27.6111, 33.3161, 42.8630, 25.4904, 51.1566, 38.6334, 32.0651, 31.5379, 16.5357, 11.7345
MVI_7916.MOV,0010,1, 30.9391, 42.8293, 29.0139, 27.8178, 23.7423, 27.7137, 30.9255, 28.5874, 32.3380, 15.4309, 37.1575, 42.2867, 17.1110, 23.3532, 28.5656, 34.1291, 44.2712, 25.8784, 51.7509, 39.5431, 33.2453, 32.2631, 16.6656, 11.7069
MVI_7916.MOV,0011,1, 32.4108, 44.1488, 29.9695, 28.2814, 24.8077, 28.6869, 31.9133, 29.9060, 33.3962, 15.8936, 38.4729, 44.0319, 17.5202, 24.4739, 29.2554, 34.7802, 45.9439, 26.7949, 53.1363, 41.0334, 33.7017, 33.4834, 17.0811, 11.7301
MVI_7916.MOV,0012,1, 32.3508, 44.1345, 29.9150, 28.0811, 24.3375, 28.3340, 32.1599, 29.5775, 33.3016, 15.8566, 38.3392, 43.8871, 17.8956, 24.1277, 29.2936, 34.9263, 45.7438, 26.7879, 53.0767, 40.9627, 33.6313, 33.1267, 17.0035, 11.6376
MVI_7916.MOV,0013,1, 32.2935, 44.3357, 30.0169, 28.3889, 24.3224, 28.8582, 32.0279, 30.0403, 33.6555, 15.8700, 38.5720, 44.0369, 17.6717, 23.9985, 29.1096, 34.9228, 45.7900, 26.9047, 53.1201, 40.8194, 33.9249, 33.1441, 16.7286, 11.7167
MVI_7916.MOV,0014,1, 32.4879, 44.1545, 29.8314, 28.2631, 24.3742, 28.7613, 32.0247, 29.4489, 33.4344, 16.2553, 38.3371, 43.7392, 17.4043, 24.0660, 29.1770, 34.7356, 45.8971, 26.6103, 53.0592, 41.0307, 33.4074, 33.2046, 17.1802, 11.7692
MVI_7916.MOV,0015,1, 32.3072, 44.1080, 30.0488, 28.2706, 24.2128, 28.5636, 31.9735, 29.8047, 33.3845, 16.2208, 38.3805, 43.9786, 17.4509, 24.2750, 29.1058, 34.9441, 45.8962, 26.7166, 53.1495, 41.2327, 33.5539, 33.4447, 17.3050, 11.7385
MVI_7916.MOV,0016,1, 32.3853, 44.2017, 29.8483, 28.0788, 24.7707, 28.5645, 32.1807, 29.8426, 33.6072, 16.2337, 38.7300, 44.1388, 17.6382, 24.4364, 28.8932, 34.7383, 45.8026, 26.9543, 53.2260, 41.2527, 33.8113, 33.3066, 16.9278, 11.5903
MVI_7916.MOV,0017,1, 32.3371, 44.2735, 29.9320, 28.4100, 24.3501, 28.5761, 32.0619, 29.5854, 33.4844, 15.9581, 38.6604, 44.1035, 17.6446, 24.2957, 29.2165, 34.8921, 45.9282, 26.4999, 52.9831, 40.9408, 33.6973, 33.4682, 16.9234, 11.5479
MVI_7916.MOV,0018,1, 32.2786, 44.0945, 29.6203, 28.0467, 24.3189, 28.5363, 32.0291, 29.7279, 33.5648, 16.2392, 38.7009, 43.8719, 17.5195, 24.2232, 29.0977, 35.2993, 46.0179, 26.6969, 53.3010, 41.3083, 33.8191, 33.1209, 17.3397, 11.6399
MVI_7916.MOV,0019,1, 32.6481, 44.2811, 29.7890, 28.3501, 24.5725, 28.5344, 32.2265, 29.8848, 33.6682, 16.1512, 38.8194, 44.0244, 17.4462, 24.2929, 29.5130, 35.1685, 45.8174, 26.6350, 53.3119, 40.9027, 33.7421, 33.4169, 17.1458, 11.3958
MVI_7916.MOV,0020,1, 32.3865, 44.4680, 29.9236, 28.2404, 24.8721, 28.6885, 32.1917, 29.7651, 33.7769, 15.5961, 38.5719, 44.1281, 17.4035, 23.9906, 29.3636, 34.9159, 46.2874, 26.9430, 53.1488, 41.3000, 33.8092, 33.3818, 16.8501, 11.7412
MVI_7916.MOV,0021,1, 32.5068, 44.5106, 29.7723, 28.3410, 24.2839, 28.6099, 32.0480, 29.7615, 33.5054, 15.8927, 38.4590, 44.0908, 17.6612, 24.4400, 29.2154, 35.1502, 45.9637, 26.9825, 53.2165, 41.4278, 33.6800, 33.1437, 17.0581, 11.7319
MVI_7916.MOV,0022,1, 32.6286, 44.3731, 29.7768, 28.1340, 24.1799, 28.5355, 32.1592, 29.5890, 33.4581, 16.1019, 38.5292, 44.1786, 17.3636, 24.5009, 29.2886, 34.9812, 46.1363, 26.9724, 53.6504, 41.4410, 33.7894, 33.0332, 16.7718, 11.7825
MVI_7916.MOV,0023,1, 32.3692, 44.1726, 29.8380, 28.3429, 24.3189, 28.3092, 32.1776, 29.6355, 33.6750, 16.1079, 38.6011, 44.0880, 17.6280, 24.0954, 29.1394, 35.1003, 46.0185, 26.7898, 53.5873, 41.3900, 33.8116, 33.2951, 16.7780, 11.8137
MVI_7916.MOV,0024,1, 32.2823, 44.2441, 30.0216, 28.0253, 24.2242, 28.3558, 32.0633, 29.7487, 33.4338, 16.1036, 38.8173, 44.1761, 17.3203, 24.3469, 29.1391, 35.0436, 46.2654, 27.0600, 53.5741, 41.2515, 33.8589, 33.2794, 16.4720, 11.7070
MVI_7916.MOV,0025,1, 32.4868, 44.1244, 29.6060, 28.1491, 24.1952, 28.6373, 32.2018, 29.6365, 33.5508, 15.5469, 38.5299, 43.9810, 17.0006, 24.2060, 29.3031, 35.2558, 46.1228, 26.7864, 53.6053, 41.4071, 33.6267, 33.2154, 16.7784, 11.3495
MVI_7916.MOV,0026,1, 32.5582, 44.2359, 29.5346, 28.1705, 24.2842, 28.7434, 31.9309, 29.5048, 33.7003, 16.0023, 38.9075, 44.2325, 17.3141, 24.1263, 29.1106, 35.0401, 45.8281, 26.8127, 53.5063, 41.2813, 33.6587, 33.3694, 16.8346, 11.7060
MVI_7916.MOV,0027,1, 32.6261, 44.2740, 29.7259, 28.1249, 24.4313, 28.7923, 32.0468, 29.3777, 33.7204, 15.8041, 38.6889, 44.2272, 17.7938, 24.0238, 29.0546, 35.1365, 46.0265, 26.8467, 53.5113, 41.2691, 33.7690, 33.2142, 16.5796, 11.5606
MVI_7916.MOV,0028,1, 32.5196, 44.0493, 29.5846, 28.1296, 24.2904, 28.3140, 32.3175, 29.5610, 33.6730, 15.8930, 39.1796, 44.0252, 17.5741, 24.0830, 28.9751, 34.9560, 46.2212, 26.7579, 53.4207, 41.4210, 33.7642, 33.1325, 16.8722, 11.2048
MVI_7916.MOV,0029,1, 32.4971, 44.2069, 29.3812, 27.9559, 24.1987, 28.7421, 32.1818, 29.5934, 33.6599, 15.8223, 38.7060, 44.2391, 17.3696, 23.9267, 29.2367, 34.9849, 46.0660, 26.7667, 53.7103, 41.0760, 33.9182, 33.0332, 16.6763, 11.8607
MVI_7916.MOV,0030,1, 32.3637, 44.3689, 29.7000, 28.1112, 24.3091, 28.8530, 32.0127, 29.5890, 33.8066, 15.8982, 38.9941, 44.2073, 17.4001, 24.2173, 29.1063, 35.1768, 46.3700, 26.7136, 53.4215, 41.5288, 33.5958, 33.2530, 16.6213, 11.6034
MVI_7916.MOV,0031,1, 32.6797, 44.2625, 29.5103, 27.9346, 24.3414, 28.8419, 32.0607, 29.6330, 33.9270, 16.0520, 38.6992, 44.1807, 17.3165, 24.0636, 29.1065, 34.9510, 46.3589, 26.8513, 53.5060, 41.4690, 33.6839, 33.3909, 16.4980, 11.7710
MVI_7916.MOV,0032,1, 32.5521, 44.0907, 29.5816, 27.8753, 24.2599, 28.9758, 32.2627, 29.8185, 33.7276, 16.1683, 38.7821, 44.3612, 17.4048, 23.9946, 29.1864, 35.1995, 46.0649, 26.8503, 53.5688, 41.2915, 33.9052, 33.3789, 16.8658, 11.3251
MVI_7916.MOV,0033,1, 32.5082, 44.2812, 29.5910, 27.8043, 24.2676, 28.4622, 32.2736, 29.6415, 33.7607, 15.9357, 38.8848, 44.2486, 17.4336, 24.0629, 28.8258, 35.1927, 45.9514, 26.8751, 53.7811, 41.1583, 33.9170, 32.9332, 16.5978, 11.6025
MVI_7916.MOV,0034,1, 32.5058, 44.3238, 29.7826, 27.8997, 24.1739, 28.9208, 32.3956, 29.5541, 33.8616, 15.9174, 39.0145, 44.2699, 17.2483, 24.2694, 28.6285, 35.0354, 46.3574, 26.7496, 53.6099, 41.3299, 33.9118, 32.9757, 16.8680, 11.8037
MVI_7916.MOV,0035,1, 32.4979, 44.4000, 29.7813, 27.6862, 24.3821, 28.6236, 32.2298, 29.7133, 33.7638, 15.8438, 39.1381, 44.2151, 17.3347, 23.9605, 29.1364, 35.2175, 45.9921, 26.8577, 53.7408, 41.3591, 34.0782, 32.9656, 16.8519, 11.6457
MVI_7916.MOV,0036,1, 32.7357, 44.3685, 29.4330, 27.8120, 24.4591, 28.5546, 32.2911, 29.5167, 33.6330, 16.1302, 39.1230, 44.5989, 17.5527, 23.7712, 28.8557, 35.3289, 46.3293, 26.6836, 53.5735, 41.4678, 33.7058, 32.9471, 16.6138, 11.7937
MVI_7916.MOV,0037,1, 32.5965, 44.1572, 29.6855, 27.6504, 23.9885, 28.6209, 32.3741, 29.4916, 33.6855, 15.8472, 39.0194, 44.4431, 17.3544, 23.9836, 29.2042, 35.0708, 46.2420, 26.6325, 53.6805, 41.3802, 33.7736, 33.0376, 16.5882, 11.6044
MVI_7916.MOV,0038,1, 32.4894, 44.1085, 29.5707, 27.8614, 24.1077, 28.4870, 32.0159, 29.8403, 33.9594, 15.9682, 39.1513, 44.1443, 17.4739, 24.0090, 28.9618, 35.2475, 46.1442, 27.0384, 53.8552, 41.4346, 33.8106, 32.8932, 16.5009, 11.7059
MVI_7916.MOV,0039,1, 32.3853, 44.4414, 29.6961, 27.7645, 24.1447, 28.9404, 32.1739, 29.5585, 33.7275, 15.8460, 39.1030, 44.1750, 17.2875, 24.2325, 28.7187, 35.2810, 46.3630, 26.7823, 53.7813, 41.3651, 33.8676, 33.0843, 16.8123, 11.6259
MVI_7916.MOV,0040,1, 32.4536, 44.3557, 29.1880, 28.0950, 24.1954, 28.5544, 32.1045, 29.6218, 33.7316, 16.0633, 39.1481, 44.6833, 17.2885, 23.5600, 28.9017, 35.3469, 46.3163, 26.9817, 53.9818, 41.2451, 33.7070, 33.1812, 16.7543, 11.6950
MVI_7916.MOV,0041,1, 32.4831, 44.3462, 29.6545, 27.9294, 24.0721, 28.4970, 32.2486, 29.3538, 33.8238, 16.0179, 39.1811, 44.3828, 17.5007, 23.8977, 29.1730, 35.4670, 46.1023, 26.8691, 53.8469, 41.5044, 33.9695, 33.3465, 16.7388, 11.5328
MVI_7916.MOV,0042,1, 32.4721, 44.3102, 29.3256, 28.0354, 24.0614, 28.5955, 32.3036, 29.3936, 33.4571, 15.7121, 39.0145, 44.1870, 17.3734, 24.1756, 28.9533, 35.3276, 46.4011, 26.9380, 54.0267, 41.8294, 33.7886, 33.0116, 16.5408, 11.6361
MVI_7916.MOV,0043,1, 32.5388, 44.2997, 29.6271, 27.7058, 23.9444, 28.5006, 32.1257, 29.5861, 33.8129, 15.8622, 39.2807, 44.3011, 17.6204, 24.0235, 28.8684, 35.2983, 46.1854, 26.7476, 53.7268, 41.4046, 34.1135, 32.9872, 16.5289, 11.4868
MVI_7916.MOV,0044,1, 32.7658, 44.3605, 29.5154, 27.7887, 24.0870, 28.2798, 32.3065, 29.6190, 33.8259, 15.9206, 38.8762, 44.4355, 17.3342, 24.2287, 28.9868, 35.5289, 46.4995, 27.0652, 54.0902, 41.6407, 33.7269, 33.1368, 16.4681, 11.5707
MVI_7916.MOV,0045,1, 32.6823, 44.4554, 29.5056, 27.7908, 24.3171, 28.6582, 32.4456, 29.4386, 33.8144, 16.0123, 38.9895, 44.3281, 17.3869, 23.9669, 29.0956, 35.4582, 46.2826, 26.8903, 54.1141, 41.4468, 33.7842, 32.9911, 16.6692, 11.8202
MVI_7916.MOV,0046,1, 32.5212, 44.4761, 29.4579, 27.9111, 24.3777, 28.4859, 32.2295, 29.8209, 33.8601, 16.2028, 39.1190, 44.4786, 17.5540, 24.1239, 29.2657, 35.2876, 46.1509, 26.8408, 54.0280, 41.6979, 34.1792, 33.1250, 16.4839, 11.7162
MVI_7916.MOV,0047,1, 32.1776, 44.3894, 29.7337, 27.9804, 24.3724, 28.4840, 32.4111, 29.5485, 33.9067, 15.9774, 39.2918, 44.5372, 17.4110, 24.0501, 29.1313, 35.2866, 46.3469, 27.0889, 53.9427, 41.4667, 33.8658, 33.1560, 16.5611, 11.5919
MVI_7916.MOV,0048,1, 32.6121, 44.2131, 29.6281, 27.7331, 24.2028, 28.5216, 32.1637, 29.6119, 33.8744, 15.9044, 39.0427, 44.5694, 17.5297, 24.1774, 29.3341, 35.3805, 46.1313, 27.0984, 53.9485, 41.5917, 34.0316, 33.3119, 16.3210, 11.7407
MVI_7916.MOV,0049,1, 32.5706, 44.2311, 29.5233, 27.8657, 23.9159, 28.3287, 32.1885, 29.4423, 33.8541, 15.9073, 39.2967, 44.4333, 17.3651, 24.2438, 29.1152, 35.2985, 46.3067, 26.7382, 53.8995, 41.4907, 33.9878, 32.9358, 16.7129, 11.5933
MVI_7916.MOV,0050,1, 32.4237, 44.4269, 29.4310, 27.6689, 24.1238, 28.8068, 32.4950, 29.7978, 33.7436, 15.6573, 39.1978, 44.4987, 17.4248, 24.2363, 28.8268, 35.2723, 46.4262, 27.0045, 54.0057, 41.4508, 34.1758, 33.0874, 16.5575, 11.7279
MVI_7916.MOV,0051,1, 32.6476, 44.4806, 29.4831, 27.8089, 23.8965, 28.4846, 32.5243, 29.4901, 33.9811, 15.7042, 39.0123, 44.3556, 17.9351, 24.0145, 29.0731, 35.3124, 46.3607, 27.0089, 53.9714, 41.5666, 33.7261, 32.9304, 16.6739, 11.5097
MVI_7916.MOV,0052,1, 32.6210, 44.6309, 29.6898, 27.5140, 24.3528, 28.9500, 32.4411, 29.7326, 34.2682, 16.0119, 39.1453, 44.4966, 17.4540, 24.0366, 29.0862, 35.3975, 46.3534, 26.8793, 54.1391, 41.8848, 34.1194, 33.2705, 16.9673, 11.7770
MVI_7916.MOV,0053,1, 32.4126, 44.4453, 29.3160, 27.7916, 24.0464, 28.8129, 32.4431, 29.4306, 34.0423, 15.7189, 39.1497, 44.5342, 17.5250, 24.2794, 28.9054, 35.4099, 46.4105, 26.7822, 54.0219, 41.5026, 33.9353, 32.9355, 16.7178, 11.7141
MVI_7916.MOV,0054,1, 32.7583, 44.4127, 29.5404, 27.8441, 23.9201, 28.7909, 32.4793, 29.6151, 33.9736, 15.9937, 38.8495, 44.5403, 17.2185, 24.1744, 28.8698, 35.3761, 46.3011, 26.8482, 53.9169, 41.4974, 33.9930, 32.6063, 16.9297, 11.6635
MVI_7916.MOV,0055,1, 32.4494, 44.5065, 29.7034, 27.8553, 24.1499, 28.6008, 32.4835, 29.4574, 34.0357, 15.9818, 38.9761, 44.6039, 17.4772, 24.1571, 28.9116, 35.5061, 46.4848, 26.9551, 54.1151, 41.6765, 34.0529, 33.0424, 16.7153, 11.6832
MVI_7916.MOV,0056,1, 32.5661, 44.4566, 29.3163, 27.6588, 23.7927, 28.4912, 32.4307, 29.7501, 33.9457, 15.7519, 39.3740, 44.5880, 17.5325, 23.9760, 28.8638, 35.5323, 46.5734, 27.2095, 54.2264, 41.6118, 33.8733, 33.0479, 16.8654, 11.7168
MVI_7916.MOV,0057,1, 32.5762, 44.3397, 29.6273, 27.8209, 24.0592, 28.4860, 32.6837, 29.7079, 34.1395, 15.9256, 39.2437, 44.6097, 17.4012, 23.9861, 29.0179, 35.4617, 46.3255, 26.8019, 54.2316, 41.8118, 34.0098, 32.8410, 16.4645, 11.7984
MVI_7916.MOV,0058,1, 32.6516, 44.4243, 29.5323, 27.7836, 24.0625, 28.6239, 32.3604, 29.3925, 34.0693, 16.1294, 39.3688, 44.3867, 17.1068, 24.2094, 28.9824, 35.2213, 46.3254, 26.9370, 54.1909, 41.5850, 34.1758, 32.8119, 16.6296, 11.8535
MVI_7916.MOV,0059,1, 32.5924, 44.6018, 29.4913, 27.4499, 23.8914, 28.5091, 32.2694, 29.3341, 34.0854, 15.9001, 39.2786, 44.4742, 17.5921, 24.3342, 28.9896, 35.4786, 46.2219, 26.9989, 54.2198, 41.7894, 33.9640, 33.0438, 16.4821, 11.8149
MVI_7916.MOV,0060,1, 32.5109, 44.1380, 29.5082, 27.3636, 23.8656, 28.3679, 32.1648, 29.6462, 34.0945, 15.7167, 39.0377, 44.5809, 17.2873, 23.7659, 28.8694, 35.3337, 46.4563, 26.8025, 54.0305, 41.3670, 33.9228, 33.3607, 16.3835, 11.3199
MVI_7916.MOV,0061,1, 32.8642, 44.5932, 29.3033, 27.8638, 23.8047, 28.8425, 32.3778, 29.5797, 33.7664, 15.9679, 39.4635, 44.8310, 17.4882, 24.0220, 28.9600, 35.3894, 46.4621, 27.0964, 54.1010, 41.6148, 34.1775, 33.0394, 16.7429, 11.6206
MVI_7916.MOV,0062,1, 32.5020, 44.6724, 29.4203, 27.5951, 23.9042, 28.5360, 32.4279, 29.4977, 34.1869, 16.2830, 39.2855, 44.5965, 17.6835, 23.9934, 28.9627, 35.3989, 46.6725, 26.9506, 54.3786, 41.5977, 34.2427, 32.7339, 16.6554, 11.6021
MVI_7916.MOV,0063,1, 32.7578, 44.5760, 29.5067, 27.4876, 24.3204, 28.8669, 32.6291, 29.2939, 33.9422, 16.1012, 39.3864, 44.3981, 17.3423, 24.1315, 28.8016, 35.5660, 46.3164, 26.9002, 54.3078, 41.6295, 33.9527, 33.0288, 16.7771, 11.5756
MVI_7916.MOV,0064,1, 32.6754, 44.5786, 29.2943, 27.7948, 24.0787, 28.6728, 32.5664, 29.3602, 33.8064, 15.7227, 38.9964, 44.7181, 17.6375, 23.8819, 28.9800, 35.5219, 46.4386, 26.8880, 54.2607, 41.9510, 34.0212, 32.7155, 16.6052, 11.8710
MVI_7916.MOV,0065,1, 32.9123, 44.3564, 29.6263, 27.9255, 24.2998, 28.5303, 32.4582, 29.5504, 33.9104, 15.6687, 39.1241, 44.6781, 17.4405, 24.2831, 29.0110, 35.4602, 46.5922, 27.0060, 54.4966, 41.9009, 34.2477, 32.8887, 16.7663, 11.6289
MVI_7916.MOV,0066,1, 32.7026, 44.9072, 29.2015, 27.6008, 24.0809, 28.6814, 32.6204, 29.4921, 33.8637, 15.7240, 39.2986, 44.7948, 17.4018, 24.2485, 28.6587, 35.4798, 46.2656, 26.9808, 54.3646, 41.8545, 34.3152, 32.9205, 16.4613, 11.6679
MVI_7916.MOV,0067,1, 32.7464, 44.3937, 29.2599, 27.6812, 23.9503, 28.6176, 32.2632, 29.4285, 34.0021, 16.0980, 39.3087, 44.6541, 17.5191, 24.2963, 28.6024, 35.5337, 46.5571, 27.1861, 54.3771, 41.7846, 34.0783, 32.9568, 16.6597, 11.6823
MVI_7916.MOV,0068,1, 32.6909, 44.4164, 29.5103, 27.3347, 24.0504, 28.7132, 32.4746, 29.3622, 34.0239, 15.9136, 39.2742, 44.7033, 17.1534, 24.0867, 28.6141, 35.4544, 46.4168, 26.6468, 54.1846, 41.7029, 33.9431, 32.9789, 16.5652, 11.8283
MVI_7916.MOV,0069,1, 32.9325, 44.4319, 29.3466, 27.5606, 24.2423, 28.4802, 32.3703, 29.7020, 34.0022, 16.0425, 39.3588, 44.5017, 17.2088, 24.1585, 29.0596, 35.6186, 46.4233, 26.9282, 54.4917, 41.8205, 34.0116, 33.0963, 16.5605, 11.5473
MVI_7916.MOV,0070,1, 32.7258, 44.4887, 29.4490, 27.3436, 23.8689, 28.6926, 32.7044, 29.5677, 34.0237, 16.0423, 39.2085, 44.6351, 17.2138, 24.4508, 28.7933, 35.5790, 46.5406, 26.9655, 54.4264, 41.8375, 34.0538, 32.7325, 16.6360, 11.6600
MVI_7916.MOV,0071,1, 32.8338, 44.6097, 29.4265, 27.8005, 24.0553, 28.4990, 32.3555, 29.5321, 34.0728, 15.8266, 39.2378, 44.5721, 17.5554, 24.0360, 28.9054, 35.5808, 46.4128, 26.8963, 54.4338, 41.5678, 34.1471, 32.7471, 16.3215, 11.5342
MVI_7916.MOV,0072,1, 32.7228, 44.6801, 29.3104, 27.5278, 23.9927, 28.8045, 32.3032, 29.5577, 33.8803, 15.9743, 39.0976, 44.7002, 17.4208, 24.2389, 29.0141, 35.6284, 46.4343, 27.2608, 54.2910, 42.1176, 34.0529, 32.9488, 16.1498, 11.7577
MVI_7916.MOV,0073,1, 32.7152, 44.5520, 29.2187, 27.5895, 23.8408, 28.7049, 32.5860, 29.3730, 33.8940, 15.9428, 39.2407, 44.7176, 17.5308, 23.8235, 28.9038, 35.5005, 46.4271, 26.8601, 54.2915, 41.9791, 33.9898, 32.8206, 16.3697, 11.6297
MVI_7916.MOV,0074,1, 32.6248, 44.5865, 29.1229, 27.5447, 23.9967, 28.4105, 32.7339, 29.5574, 34.2044, 15.9170, 39.3294, 44.6338, 17.0556, 23.7915, 28.9869, 35.2951, 46.5303, 27.0011, 54.5191, 41.8176, 33.9791, 32.9085, 16.2303, 11.8126
MVI_7916.MOV,0075,1, 32.8549, 44.5776, 29.2734, 27.2763, 23.8810, 28.4669, 32.3770, 29.3986, 34.1856, 16.0701, 39.1744, 44.7802, 17.3857, 23.8859, 28.5730, 35.5948, 46.3423, 26.8007, 54.5026, 41.8727, 34.0603, 32.5993, 16.2779, 11.7281
MVI_7916.MOV,0076,1, 32.9070, 44.5053, 29.2723, 27.5067, 23.8356, 28.5499, 32.5660, 29.4900, 33.8783, 15.8341, 39.3025, 44.7807, 17.2716, 24.2097, 28.5915, 35.6586, 46.3442, 26.8744, 54.5597, 41.7503, 34.0868, 32.8868, 16.2088, 11.7337
MVI_7916.MOV,0077,1, 32.7724, 44.7599, 29.3814, 27.3118, 24.0222, 28.3231, 32.6273, 29.4781, 33.8249, 15.9332, 39.4811, 44.7552, 17.5227, 24.0737, 28.7188, 35.7987, 46.5939, 26.6615, 54.6521, 41.8140, 33.9119, 32.7931, 16.8171, 11.8607
MVI_7916.MOV,0078,1, 32.6192, 44.5376, 29.4285, 27.7447, 23.8059, 28.4600, 32.5011, 29.4530, 34.2913, 15.9512, 39.3873, 44.7337, 17.1705, 24.2646, 28.7920, 35.7810, 46.6352, 26.9744, 54.3426, 41.8942, 33.9386, 32.6486, 16.3137, 11.7110
MVI_7916.MOV,0079,1, 32.7939, 44.5482, 29.3399, 27.5723, 23.7154, 28.2965, 32.3032, 29.4939, 34.1662, 15.7488, 39.3931, 44.6679, 17.2862, 23.7226, 28.6587, 35.6341, 46.5043, 26.7788, 54.5064, 41.9304, 34.1679, 32.7176, 16.8186, 11.3597
MVI_7916.MOV,0080,1, 32.8326, 44.6321, 29.1816, 27.2884, 23.6883, 28.3978, 32.4728, 29.4898, 33.9080, 15.9737, 39.2880, 44.6897, 17.1288, 24.3491, 28.8174, 35.9703, 46.6786, 27.1648, 54.4990, 41.9141, 33.9702, 32.7318, 16.4815, 11.6165
MVI_7916.MOV,0081,1, 32.9247, 44.7158, 29.2823, 27.1872, 23.8744, 28.6307, 32.5167, 29.5258, 34.2201, 15.8560, 39.3166, 44.8443, 17.5397, 24.0646, 28.8160, 35.8137, 46.4399, 27.0575, 54.5267, 42.0447, 34.4982, 32.9523, 16.2491, 11.5629
MVI_7916.MOV,0082,1, 33.0079, 44.6148, 29.2641, 27.5007, 23.8971, 28.5995, 32.3773, 29.5340, 33.9393, 15.7319, 39.4188, 44.5455, 17.2180, 23.8855, 28.6335, 35.7189, 46.6342, 27.2011, 54.5996, 41.8456, 34.2568, 32.8296, 16.5273, 11.6553
MVI_7916.MOV,0083,1, 32.6474, 44.7951, 29.3983, 27.4808, 23.7143, 28.5356, 32.5881, 29.2302, 34.3836, 15.4574, 39.2824, 44.9761, 17.0364, 24.1938, 28.8787, 35.7128, 46.4262, 27.2186, 54.6705, 41.9278, 34.1862, 32.6957, 16.5187, 11.7689
MVI_7916.MOV,0084,1, 32.8134, 44.8659, 28.9263, 27.2144, 23.6218, 28.4488, 32.5437, 29.6900, 34.0880, 15.8889, 39.3915, 44.7428, 17.3878, 24.2965, 28.7795, 35.6744, 46.6665, 26.9198, 54.4627, 41.7952, 34.2203, 32.6297, 16.7484, 11.7269
MVI_7916.MOV,0085,1, 32.8341, 44.5910, 29.2944, 27.3540, 23.9375, 28.6845, 32.6026, 29.4409, 34.0017, 15.7661, 39.3188, 44.7914, 17.5068, 23.9997, 28.7650, 35.8209, 46.5480, 26.7033, 54.4798, 42.1540, 34.1378, 32.6493, 16.3326, 11.6763
MVI_7916.MOV,0086,1, 32.8412, 44.5337, 29.1837, 27.3313, 23.9608, 28.2154, 32.4976, 29.4580, 33.8267, 15.6402, 39.4526, 44.7432, 17.3047, 24.1772, 29.1136, 35.7184, 46.4383, 26.7020, 54.6960, 42.0933, 34.2453, 32.4915, 16.4483, 11.5249
MVI_7916.MOV,0087,1, 32.9651, 44.6831, 29.1020, 27.0466, 23.8733, 28.7295, 32.3575, 29.7168, 34.2915, 15.9449, 39.3978, 44.8874, 17.3698, 24.1497, 28.5976, 35.8628, 46.6558, 26.8518, 54.7837, 41.6720, 34.3112, 32.8697, 16.6158, 11.7251
MVI_7916.MOV,0088,1, 33.0106, 44.6890, 29.2140, 27.4169, 23.7454, 28.8182, 32.7701, 29.3795, 33.9887, 15.7810, 39.4988, 45.0259, 17.1597, 23.8265, 28.9114, 35.7741, 46.3867, 26.7516, 54.7979, 41.8719, 34.1909, 32.7326, 16.3217, 11.8026
MVI_7916.MOV,0089,1, 32.8423, 44.6140, 29.1865, 27.5302, 23.7347, 28.7940, 32.4362, 29.6081, 33.9112, 15.9379, 39.5538, 44.7644, 17.4871, 24.3588, 28.8816, 35.6866, 46.7048, 26.9012, 54.8106, 41.9303, 34.1534, 32.7318, 16.4634, 11.5171
MVI_7916.MOV,0090,1, 32.6583, 44.6983, 29.0931, 27.0851, 23.6491, 28.4770, 32.5181, 29.6352, 34.1693, 15.6809, 39.5613, 44.6800, 17.4230, 23.9810, 28.9185, 35.6171, 46.4999, 27.1292, 54.6524, 42.0545, 33.9804, 32.6089, 16.5640, 11.6157
MVI_7916.MOV,0091,1, 32.7111, 44.6560, 29.1917, 27.2046, 24.0467, 28.3010, 32.5958, 29.6393, 34.0010, 16.1579, 39.4841, 44.7913, 17.1917, 23.6426, 28.9965, 35.6405, 46.6268, 26.8300, 54.7994, 42.0946, 34.3627, 32.7786, 16.2779, 11.6455
MVI_7916.MOV,0092,1, 32.8176, 44.5900, 29.1322, 27.4012, 23.8427, 28.5136, 32.8207, 29.2950, 34.2879, 15.9768, 39.5889, 44.8632, 17.0906, 24.0077, 28.8323, 35.8368, 46.6344, 27.0485, 54.4192, 42.1792, 34.1092, 32.7642, 16.3448, 11.7524
MVI_7916.MOV,0093,1, 32.8246, 44.5834, 29.1779, 27.1567, 23.8342, 28.5328, 32.5190, 29.2814, 34.0765, 15.6212, 39.7425, 44.9952, 16.9405, 24.1270, 28.9725, 36.0189, 46.5407, 26.8024, 54.3292, 41.9969, 34.1471, 32.7531, 16.2081, 11.6337
MVI_7916.MOV,0094,1, 32.7830, 44.6086, 29.0409, 27.3483, 23.9524, 28.5380, 32.7187, 29.5459, 34.1248, 16.0096, 39.3799, 44.7661, 17.0518, 24.0798, 28.8320, 35.6710, 46.5697, 27.0786, 54.5675, 41.9357, 34.1616, 32.5112, 16.3772, 11.4467
MVI_7916.MOV,0095,1, 32.8517, 44.5562, 29.3122, 27.2104, 24.1415, 28.7312, 32.3166, 29.3937, 34.2631, 16.0396, 39.4382, 44.9120, 17.2342, 23.8348, 28.4422, 35.8916, 46.4701, 26.8711, 54.6084, 42.2585, 34.0387, 32.6100, 15.9909, 11.6534
MVI_7916.MOV,0096,1, 32.7751, 44.8140, 29.0066, 27.3308, 23.7973, 28.2686, 32.4946, 29.4231, 34.2640, 15.8207, 39.8872, 44.7125, 17.1415, 24.0140, 28.5716, 35.8898, 46.6822, 26.8520, 54.9049, 41.7425, 34.1585, 32.6656, 15.9524, 11.3948
MVI_7916.MOV,0097,1, 32.7033, 44.6800, 29.0294, 27.3593, 23.7036, 28.3401, 32.4918, 29.4397, 34.1296, 15.9682, 39.6101, 45.0585, 17.3140, 23.9459, 28.9746, 35.6609, 46.5930, 27.1454, 54.7883, 42.1294, 34.4426, 32.7439, 16.4027, 11.4657
MVI_7916.MOV,0098,1, 32.7582, 44.5857, 29.0829, 27.1195, 23.6698, 28.2939, 32.6985, 29.1637, 34.1632, 15.7733, 39.7329, 44.8071, 17.5572, 23.8970, 28.6782, 36.1128, 46.6125, 26.9081, 54.8084, 42.3451, 34.2313, 32.8677, 16.3053, 11.8443
MVI_7916.MOV,0099,1, 32.7705, 44.5977, 29.1821, 27.1591, 23.7853, 28.1093, 32.5261, 29.5047, 34.0418, 16.0271, 39.3957, 44.7249, 17.3536, 24.0902, 29.0138, 35.9639, 46.4514, 26.4385, 54.7103, 42.0117, 34.3170, 32.7149, 16.6968, 11.7928
MVI_7916.MOV,0100,1, 32.8415, 44.6912, 29.3516, 27.3066, 23.5934, 28.3302, 32.5592, 29.4787, 34.1882, 15.6226, 39.7026, 44.8072, 17.1407, 24.0893, 28.7492, 35.8661, 46.6554, 27.0946, 54.9079, 42.2612, 34.1762, 32.7730, 16.2754, 11.5117
MVI_7916.MOV,0101,1, 32.9521, 44.6987, 28.8911, 27.3771, 23.8719, 28.2992, 32.5214, 29.2267, 34.1913, 15.8934, 39.6140, 44.9717, 17.4374, 24.0328, 28.6696, 35.7461, 46.6387, 26.7306, 54.8637, 41.9426, 34.2906, 32.5306, 16.1109, 11.4064
MVI_7916.MOV,0102,1, 32.6546, 44.6534, 29.1470, 27.1450, 23.7660, 28.3085, 32.5184, 29.2342, 33.9543, 15.4477, 39.4693, 44.8425, 17.5465, 24.2988, 28.7288, 35.8022, 47.0102, 27.0214, 54.8292, 42.2814, 34.3765, 32.6315, 16.3732, 11.4664
MVI_7916.MOV,0103,1, 33.0153, 44.8269, 29.2463, 27.1541, 23.8460, 28.7376, 32.5385, 29.2376, 34.2681, 15.7418, 39.4976, 44.7409, 17.0866, 23.9227, 28.6027, 35.9162, 46.6182, 27.0669, 54.7682, 42.1796, 34.4700, 32.6635, 16.3860, 11.6350
MVI_7916.MOV,0104,1, 32.8820, 44.5609, 29.1457, 27.1429, 23.9807, 28.3662, 32.2586, 29.3656, 34.0402, 15.7513, 39.4828, 44.8820, 17.2653, 23.9658, 28.6480, 35.8698, 46.7982, 27.0623, 54.8740, 42.0709, 34.2401, 32.7516, 16.1654, 11.6666
MVI_7916.MOV,0105,1, 32.9574, 44.7452, 29.1841, 27.1726, 23.9394, 28.3187, 32.5394, 29.4037, 34.4328, 15.9315, 39.5888, 44.8543, 17.2209, 24.0530, 28.6262, 36.2948, 46.9958, 26.7992, 54.8310, 42.2775, 34.4680, 32.3371, 16.4430, 11.2973
MVI_7916.MOV,0106,1, 32.8104, 44.8076, 29.2044, 27.2933, 23.7996, 28.3392, 32.6840, 29.4618, 34.2532, 15.6679, 39.6129, 45.0205, 17.3509, 24.0494, 28.9348, 35.9760, 46.9182, 27.2714, 54.9994, 42.1822, 34.1301, 32.8034, 16.3612, 11.6433
MVI_7916.MOV,0107,1, 32.7487, 44.8747, 28.9806, 27.1427, 23.7716, 28.5501, 32.4071, 29.5701, 34.0999, 16.1006, 39.8575, 44.8542, 17.4654, 24.0999, 28.9514, 36.0091, 46.7338, 26.9375, 54.8126, 42.1998, 34.1283, 32.5889, 16.3240, 11.4106
MVI_7916.MOV,0108,1, 32.7847, 44.7845, 29.2191, 27.0612, 23.5257, 28.3021, 32.3935, 29.5944, 34.2338, 15.9657, 39.7370, 44.8682, 17.1880, 24.1837, 28.5666, 35.7393, 46.5226, 27.1338, 55.0341, 42.1142, 34.3818, 32.8418, 16.0342, 11.7926
MVI_7916.MOV,0109,1, 32.7516, 44.6942, 29.1509, 27.0234, 23.9649, 28.2712, 32.5926, 29.0648, 34.4455, 15.8802, 39.5105, 44.8510, 17.4313, 24.1998, 28.8331, 35.8775, 46.7682, 26.8863, 54.8777, 42.2447, 34.0517, 32.6828, 16.4698, 11.8873
MVI_7916.MOV,0110,1, 32.6650, 44.7499, 28.9211, 27.0147, 23.9879, 28.3264, 32.4945, 29.3552, 34.1925, 16.0662, 39.5199, 44.9721, 17.3960, 24.2519, 28.6409, 36.1308, 46.8372, 26.9784, 54.8514, 42.2662, 34.6131, 32.7121, 16.1278, 11.4930
MVI_7916.MOV,0111,1, 32.7276, 44.7405, 29.2056, 27.4992, 23.8021, 28.4356, 32.6786, 29.5752, 34.4952, 16.2040, 39.6481, 44.9307, 17.2328, 24.0930, 28.5143, 35.8303, 46.6568, 26.7682, 54.7243, 42.2334, 34.2072, 32.8595, 16.3240, 11.4108
MVI_7916.MOV,0112,1, 32.7579, 44.8004, 28.9108, 27.2664, 23.6295, 28.2574, 32.7248, 29.1640, 34.1198, 15.6868, 39.6687, 44.6626, 17.3090, 23.5902, 28.5919, 35.7026, 46.6463, 26.8998, 54.6872, 42.0475, 34.2383, 32.8197, 16.2526, 11.7712
MVI_7916.MOV,0113,1, 32.6572, 44.6464, 29.1980, 27.3002, 23.6651, 28.4821, 32.5768, 29.4814, 34.1229, 15.7576, 39.6532, 45.2792, 17.3670, 23.9241, 28.6301, 35.8746, 46.8332, 26.8292, 54.6030, 42.1607, 34.2457, 32.4792, 16.2357, 11.5751
MVI_7916.MOV,0114,1, 32.8317, 44.7604, 28.9970, 27.1844, 23.7382, 28.4732, 32.5180, 29.4729, 34.2236, 15.8088, 39.3000, 44.8138, 17.2630, 23.8900, 28.9202, 35.9895, 46.9588, 26.8695, 54.8549, 42.1828, 34.1190, 32.5197, 15.9201, 11.7603
MVI_7916.MOV,0115,1, 32.5802, 44.8285, 29.1102, 27.0474, 23.7889, 28.3687, 32.6036, 29.3570, 34.1432, 15.8721, 39.7479, 45.0760, 17.1172, 24.2770, 28.8442, 35.8576, 46.6311, 27.2313, 54.8406, 42.2223, 34.2312, 32.6291, 16.4862, 11.6391
MVI_7916.MOV,0116,1, 32.7739, 45.0395, 29.0571, 27.4629, 24.1442, 28.0015, 32.5647, 29.3017, 34.1957, 15.8035, 39.6483, 45.0030, 17.1693, 24.1131, 28.6160, 36.1129, 46.6695, 26.4872, 55.0505, 42.0550, 34.0122, 32.6749, 16.3371, 11.5679
MVI_7916.MOV,0117,1, 32.8694, 44.6153, 29.1473, 27.1543, 23.6813, 28.6631, 32.7604, 29.1890, 34.2109, 15.5037, 39.8378, 44.7871, 17.2128, 24.0386, 28.6718, 36.0885, 46.6360, 26.7172, 55.0121, 42.0103, 34.0583, 32.5864, 16.1956, 11.4452
MVI_7916.MOV,0118,1, 32.5892, 44.7343, 28.9744, 26.9878, 23.8930, 28.4670, 32.7431, 29.5644, 34.1967, 15.8801, 39.5596, 44.9155, 17.0185, 23.9442, 28.7490, 35.7884, 46.8498, 26.8342, 55.0898, 42.2366, 34.3248, 32.3791, 16.3178, 11.5323
MVI_7916.MOV,0119,1, 33.0845, 44.6812, 28.9025, 27.2062, 23.5927, 28.7246, 32.8446, 29.2667, 34.2254, 16.0386, 39.6199, 44.9516, 17.0320, 23.7140, 28.7605, 35.8039, 46.8861, 27.2775, 54.9350, 42.2812, 34.4846, 32.8502, 16.4857, 11.4738
MVI_7916.MOV,0120,1, 33.0487, 45.0325, 29.0986, 26.9815, 23.5977, 28.5681, 32.5180, 29.2242, 34.2272, 15.6202, 39.7834, 45.2655, 17.4861, 23.9838, 28.7589, 36.1060, 46.8765, 26.9083, 54.7875, 42.3026, 34.2273, 32.4452, 16.5015, 11.4234
MVI_7916.MOV,0121,1, 33.2587, 44.7367, 29.2995, 27.0971, 23.5987, 28.4097, 32.6292, 29.3519, 34.2670, 15.6698, 39.7996, 45.1073, 17.2507, 23.7356, 28.6428, 35.9626, 46.7663, 26.6812, 55.0562, 41.8958, 34.4534, 32.5277, 16.4002, 11.6213
MVI_7916.MOV,0122,1, 33.3086, 44.7950, 28.9086, 26.8653, 23.8255, 28.5925, 32.7929, 29.6337, 34.6141, 15.6883, 39.6185, 45.2125, 17.4034, 23.9523, 28.7392, 36.3661, 46.7931, 26.9299, 55.0586, 42.3342, 34.5022, 32.5940, 16.1137, 11.2786
MVI_7916.MOV,0123,1, 32.9793, 44.9166, 29.1060, 27.2132, 23.8952, 28.2757, 32.6064, 29.3233, 34.2216, 15.7528, 39.9050, 45.1463, 17.3643, 23.9958, 28.7904, 36.0411, 46.7394, 26.9165, 55.0221, 42.1780, 34.0570, 32.7146, 15.9914, 11.4571
MVI_7916.MOV,0124,1, 32.7945, 44.6984, 28.7922, 26.9662, 23.8171, 28.3414, 32.6055, 29.1630, 34.3759, 15.5518, 39.6261, 45.1322, 17.2069, 24.2977, 29.1767, 35.9897, 46.7151, 26.9693, 54.8745, 42.1351, 34.2892, 32.5277, 16.2230, 11.4848
MVI_7916.MOV,0125,1, 32.7737, 45.0062, 28.8576, 27.2617, 23.5870, 28.5419, 32.6386, 29.4384, 34.3228, 15.7350, 39.7459, 45.2104, 17.2701, 23.9359, 28.7841, 36.0944, 46.7930, 27.1078, 54.8963, 42.1987, 34.3347, 32.6252, 16.1479, 11.4969
MVI_7916.MOV,0126,1, 33.0611, 44.7753, 28.8559, 27.2690, 23.6535, 28.5842, 32.5128, 29.5080, 33.9932, 15.9099, 39.7438, 45.1107, 17.2129, 23.9775, 28.6197, 36.0651, 46.7876, 26.7942, 55.0224, 42.2045, 34.3210, 32.6295, 16.2895, 11.5669
MVI_7916.MOV,0127,1, 33.0754, 45.0178, 29.0672, 27.1404, 23.9225, 28.2966, 32.6677, 29.3357, 34.6667, 15.8156, 39.7299, 45.2726, 17.3251, 23.8478, 28.6318, 36.2269, 46.8531, 26.8195, 54.9006, 42.4287, 34.4913, 32.5474, 16.2927, 11.6245
MVI_7916.MOV,0128,1, 33.1388, 44.8211, 29.0206, 26.9271, 23.7560, 28.6505, 32.7543, 29.3051, 34.5924, 15.7856, 39.9912, 45.2764, 17.6135, 23.9938, 28.6466, 35.9962, 47.0202, 26.8001, 55.0013, 42.3474, 34.2574, 32.5376, 16.1695, 11.4557
MVI_7916.MOV,0129,1, 32.7625, 44.9115, 28.9523, 27.2297, 23.7428, 28.5113, 32.7470, 29.5263, 34.5421, 15.8554, 39.7591, 45.0033, 17.1627, 23.8211, 28.6190, 36.1920, 46.8422, 26.6055, 55.1268, 42.3154, 34.3283, 32.5763, 16.1724, 11.7332
MVI_7916.MOV,0130,1, 32.9269, 44.9817, 28.8838, 27.3253, 23.7996, 28.6192, 32.7194, 29.4489, 34.3015, 15.6398, 39.9747, 45.4370, 17.3975, 23.7711, 28.6308, 36.2822, 46.7430, 27.0513, 54.8276, 42.1610, 34.5461, 32.8609, 16.1902, 11.7434
MVI_7916.MOV,0131,1, 32.8863, 44.6661, 29.0485, 26.7881, 23.8456, 28.3397, 32.5640, 29.3476, 34.4380, 15.7823, 39.8986, 45.3776, 17.1045, 24.0018, 28.7384, 36.0933, 46.8589, 27.1563, 55.1951, 42.4075, 34.5813, 32.3651, 15.9373, 11.3939
MVI_7916.MOV,0132,1, 32.8048, 45.0236, 29.0821, 27.3285, 23.8254, 28.5365, 32.6994, 29.5240, 34.3973, 15.8804, 39.6332, 45.0220, 17.2889, 24.0221, 28.8197, 36.1554, 46.8311, 27.2270, 55.1997, 42.1623, 34.4439, 32.5578, 16.3666, 11.2739
MVI_7916.MOV,0133,1, 32.9757, 44.9579, 28.9844, 27.2106, 24.1473, 28.3198, 32.6441, 29.6864, 34.3839, 15.9684, 39.8683, 45.3661, 17.1982, 24.1351, 28.5822, 36.1891, 47.0016, 27.0176, 55.3254, 42.2495, 34.5006, 32.5995, 16.3033, 11.4599
MVI_7916.MOV,0134,1, 32.9972, 44.9594, 28.9724, 27.0349, 23.9585, 28.6047, 32.5905, 29.2309, 34.1947, 15.9691, 39.7755, 45.3016, 17.2336, 24.1267, 28.6738, 36.4263, 46.8805, 27.2390, 54.8788, 42.2219, 34.6801, 32.6825, 16.4032, 11.7764
MVI_7916.MOV,0135,1, 33.1622, 44.9198, 29.3538, 27.1700, 23.7696, 28.5697, 32.5644, 29.4793, 34.3383, 16.1643, 40.0397, 45.1874, 17.4132, 24.1250, 28.5833, 36.1412, 46.9890, 27.1325, 55.4476, 42.3054, 34.5579, 32.4750, 16.3206, 11.8411
MVI_7916.MOV,0136,1, 33.0754, 44.9733, 28.9510, 27.2520, 23.7433, 28.4372, 32.6873, 29.2514, 34.3459, 15.6788, 40.0650, 45.1746, 17.4320, 23.8794, 28.8939, 36.1092, 47.1343, 26.8512, 55.0451, 42.4340, 34.4265, 32.5719, 16.4489, 11.4387
MVI_7916.MOV,0137,1, 33.1290, 44.8986, 29.1935, 26.9235, 23.7308, 28.4435, 32.4712, 29.5076, 34.4413, 15.6634, 39.9285, 45.5161, 17.1805, 23.9601, 28.4972, 36.2328, 46.9925, 27.0120, 55.2903, 42.4595, 34.3346, 32.5594, 16.2752, 11.5783
MVI_7916.MOV,0138,1, 32.8729, 44.7721, 29.1208, 27.0559, 23.7768, 28.5477, 32.5638, 29.2468, 34.4358, 15.7277, 39.9504, 45.2696, 17.1217, 24.1953, 28.8023, 36.3030, 46.8947, 27.0147, 54.9793, 42.4237, 34.5574, 32.3459, 16.1236, 11.5622
MVI_7916.MOV,0139,1, 32.9472, 44.8377, 29.0561, 27.3517, 23.7159, 28.3915, 32.7010, 29.3209, 34.5726, 15.7380, 39.8612, 45.3580, 17.1604, 23.9826, 28.6870, 36.0719, 46.9639, 27.5327, 55.0670, 42.3665, 34.4032, 32.6005, 16.2326, 11.5810
MVI_7916.MOV,0140,1, 32.9659, 44.8374, 28.7949, 27.0169, 23.6788, 28.3529, 32.5084, 29.2312, 34.3908, 15.8872, 39.8339, 45.3155, 17.4090, 24.2601, 28.3854, 36.1109, 46.8786, 27.2485, 55.1872, 42.3874, 34.5388, 32.6282, 16.0654, 11.6955
MVI_7916.MOV,0141,1, 33.1152, 45.0168, 29.2670, 26.7831, 23.5864, 28.6281, 32.6803, 29.2518, 34.2592, 15.9244, 39.6699, 45.4191, 16.9995, 23.8968, 28.7381, 36.2246, 46.9692, 27.0898, 55.3473, 42.4582, 34.3245, 32.6101, 16.0743, 11.6830
MVI_7916.MOV,0142,1, 32.8762, 45.0406, 28.9960, 26.9931, 23.5806, 28.6297, 32.7379, 29.3478, 34.4640, 16.1376, 40.0356, 45.5222, 17.0515, 24.2722, 28.3609, 36.1230, 47.1398, 26.9797, 55.3198, 42.0877, 34.4698, 32.5790, 16.0516, 11.5856
MVI_7916.MOV,0143,1, 33.0484, 44.9734, 28.9717, 27.2318, 23.9177, 28.6864, 32.7230, 29.1152, 34.4877, 15.9071, 39.9631, 45.1430, 16.9252, 23.7130, 28.5439, 36.3532, 47.0859, 26.8718, 55.0959, 42.4745, 34.0516, 32.6398, 16.4150, 11.7647
MVI_7916.MOV,0144,1, 33.0917, 44.9371, 28.7475, 27.0129, 23.6605, 28.2233, 32.7539, 29.1807, 34.2533, 16.0170, 39.9321, 45.3177, 17.1970, 23.8665, 28.3567, 36.0985, 47.0444, 26.9533, 55.3819, 42.4616, 34.3200, 32.4653, 16.0723, 11.3689
MVI_7916.MOV,0145,1, 33.1169, 45.0867, 28.9084, 27.1198, 23.8027, 28.3991, 32.9495, 29.1606, 34.1921, 16.0309, 39.9474, 45.1790, 17.3469, 24.0627, 28.4233, 36.3842, 46.9377, 26.9896, 55.1825, 42.3030, 34.4979, 32.4461, 16.5492, 11.8839
MVI_7916.MOV,0146,1, 32.8790, 44.8057, 29.0049, 27.0668, 23.7711, 28.5208, 32.4517, 29.3308, 34.4444, 16.0375, 39.9246, 45.1811, 17.4619, 23.9619, 28.6884, 36.2549, 46.9434, 27.0289, 55.1634, 42.5065, 34.3337, 32.5310, 16.1547, 11.7104
MVI_7916.MOV,0147,1, 33.3328, 44.8154, 28.9333, 26.9217, 23.4955, 28.4617, 32.7502, 29.0726, 34.8859, 15.9776, 39.8342, 45.3206, 17.2961, 24.1649, 28.6558, 36.1824, 46.9099, 26.9673, 55.0993, 42.4080, 34.4072, 32.2943, 16.1846, 11.5045
MVI_7916.MOV,0148,1, 33.0265, 44.8640, 29.0418, 27.0657, 23.6711, 28.3147, 32.7715, 29.1079, 34.3902, 15.5987, 39.9583, 45.4559, 17.2316, 23.7928, 28.4406, 36.4862, 47.0780, 27.2724, 55.4178, 42.4878, 34.4979, 32.7683, 16.1741, 11.4239
MVI_7916.MOV,0149,1, 32.8631, 45.0149, 28.9627, 27.2113, 23.7641, 28.4514, 32.8121, 29.3967, 34.3540, 15.8911, 39.7329, 45.4378, 17.1576, 23.9556, 28.2239, 36.2084, 47.0175, 27.1503, 55.5538, 42.6272, 34.4204, 32.5005, 16.2781, 11.5868
MVI_7916.MOV,0150,1, 33.1679, 45.0273, 28.8348, 27.1483, 23.8007, 28.5271, 32.9074, 29.2854, 34.4901, 16.0954, 39.9527, 45.3002, 17.3991, 24.1211, 28.5913, 36.3086, 46.9767, 27.3170, 55.2418, 42.6035, 34.6035, 32.6438, 16.4990, 11.6702
MVI_7916.MOV,0151,1, 32.8473, 45.1061, 28.4356, 27.3271, 23.8350, 28.2866, 32.6994, 29.2901, 34.4652, 15.9404, 39.8630, 45.5305, 17.4171, 23.9691, 28.4396, 36.3310, 46.9492, 27.0879, 55.3121, 42.3490, 34.4931, 32.4805, 16.0899, 11.6189
MVI_7916.MOV,0152,1, 32.9819, 44.7459, 28.9837, 26.8719, 23.9774, 28.5268, 32.7556, 29.3310, 34.6090, 15.6478, 39.9755, 45.2289, 17.3252, 24.0940, 28.5386, 36.1550, 47.0993, 27.2218, 55.4372, 42.1409, 34.4875, 32.4959, 16.2277, 11.8339
MVI_7916.MOV,0153,1, 33.2275, 45.0994, 28.8872, 26.9553, 23.7541, 28.5373, 32.6163, 29.0945, 34.4398, 15.6752, 39.7787, 45.4232, 16.8615, 24.1050, 28.4950, 36.3645, 46.9455, 26.6982, 55.5016, 42.4834, 34.4108, 32.6019, 16.0001, 11.6646
MVI_7916.MOV,0154,1, 32.9102, 45.1733, 28.8787, 26.8765, 23.9772, 28.6604, 32.8318, 29.4694, 34.8401, 15.8197, 40.0146, 45.3854, 17.3109, 23.6641, 28.4462, 36.4126, 47.0058, 27.2808, 55.5743, 42.5215, 34.4300, 32.4891, 16.1397, 12.0771
MVI_7916.MOV,0155,1, 33.1786, 44.7576, 28.8998, 27.3119, 24.1474, 28.5456, 32.7592, 29.3595, 34.5958, 15.7181, 39.9088, 45.3433, 17.1257, 24.1275, 28.4755, 36.4764, 47.2536, 26.9829, 55.3281, 42.6004, 34.6523, 32.5035, 16.0035, 11.5576
MVI_7916.MOV,0156,1, 33.4375, 44.9967, 28.7095, 26.8474, 23.4454, 28.9389, 32.8753, 29.2017, 34.4222, 16.0146, 39.9592, 45.3997, 17.1971, 24.4832, 28.5896, 36.3237, 47.0544, 27.0364, 55.4500, 42.6044, 34.6120, 32.3585, 16.1837, 11.8334
MVI_7916.MOV,0157,1, 33.1161, 45.1335, 28.9746, 27.2484, 23.9391, 28.7078, 32.8475, 29.2778, 34.7110, 15.7822, 39.9636, 45.5767, 17.3205, 24.1478, 28.4854, 36.3679, 46.9138, 27.1994, 55.4289, 42.4131, 34.6127, 32.5380, 16.1037, 11.5339
MVI_7916.MOV,0158,1, 32.9926, 44.9470, 28.7099, 26.9221, 23.7504, 28.5889, 32.7859, 29.3321, 34.6089, 16.0142, 39.9783, 45.2568, 17.3655, 24.1274, 28.3779, 36.2431, 47.2315, 27.1376, 55.6095, 42.4630, 34.4488, 32.4825, 16.2197, 11.6398
MVI_7916.MOV,0159,1, 32.9013, 45.1699, 28.6960, 27.1599, 24.0792, 28.2193, 32.8957, 29.0618, 34.3375, 15.7928, 40.1106, 45.3629, 16.9066, 24.0775, 28.5301, 36.4746, 46.9845, 27.0397, 55.5863, 42.5624, 34.3384, 32.7377, 15.9921, 11.6256
MVI_7916.MOV,0160,1, 32.9861, 45.1546, 28.8367, 27.1351, 23.7422, 28.7378, 32.7600, 29.1500, 34.6867, 15.9374, 39.9780, 45.1251, 17.6786, 24.1401, 28.3469, 36.4525, 47.2019, 27.3129, 55.4175, 42.5264, 34.8012, 32.5493, 15.9989, 11.4853
MVI_7916.MOV,0161,1, 33.2850, 45.1395, 28.7058, 27.1605, 23.8249, 28.6989, 32.9112, 29.3442, 34.4454, 15.6863, 40.0437, 45.2984, 17.3755, 23.8047, 28.4238, 36.5481, 47.1459, 27.1341, 55.4483, 42.8460, 34.5625, 32.3618, 16.0137, 11.6326
MVI_7916.MOV,0162,1, 33.1450, 45.1845, 28.7599, 27.4265, 23.5285, 28.5717, 32.8881, 29.0688, 34.6891, 15.8028, 39.9874, 45.3338, 17.1650, 24.0829, 28.6078, 36.5062, 47.1559, 27.0715, 55.7163, 42.3953, 34.5208, 32.4856, 15.9008, 11.4973
MVI_7916.MOV,0163,1, 33.2770, 45.0607, 28.8466, 26.7355, 23.7382, 28.7321, 32.7423, 29.3477, 34.6414, 15.8256, 39.8761, 45.3904, 17.3194, 24.1363, 28.6015, 36.4204, 46.8921, 26.8933, 55.6747, 42.4960, 34.5219, 32.5065, 16.2779, 11.6442
MVI_7916.MOV,0164,1, 32.9536, 45.0278, 28.7391, 26.8351, 23.6986, 28.4494, 33.1587, 29.3153, 34.6275, 15.5356, 40.1637, 45.5135, 17.4090, 24.4119, 28.5862, 36.7587, 47.0487, 27.0447, 55.6284, 42.5593, 34.6207, 32.5636, 16.1674, 11.8318
MVI_7916.MOV,0165,1, 33.1787, 45.2370, 28.7805, 26.8161, 23.7381, 28.4638, 33.0503, 29.0611, 34.6660, 15.7041, 40.2190, 45.6269, 17.0979, 23.9113, 28.3723, 36.5443, 47.2612, 27.2774, 55.3168, 42.7470, 34.4755, 32.3015, 16.2809, 11.3276
MVI_7916.MOV,0166,1, 33.2238, 45.3374, 28.7372, 26.8691, 24.0508, 28.4289, 32.8589, 29.5658, 34.6966, 15.8281, 40.1166, 45.3373, 17.0366, 23.8090, 28.9235, 36.3829, 47.1264, 27.3780, 55.7199, 42.7010, 34.7949, 32.3461, 15.8020, 11.6041
MVI_7916.MOV,0167,1, 33.3675, 44.8711, 28.7714, 26.8509, 23.7356, 28.4271, 32.8279, 29.3347, 34.5766, 15.9564, 40.2538, 45.4665, 17.0712, 23.7550, 28.4436, 36.3209, 47.2628, 27.1255, 55.5895, 42.6472, 34.9209, 32.7365, 15.8994, 11.4116
MVI_7916.MOV,0168,1, 33.4017, 45.0387, 28.9477, 26.8721, 23.8197, 28.3777, 32.8622, 29.4306, 34.6793, 15.6409, 40.3300, 45.3104, 17.2133, 23.6589, 28.6100, 36.5020, 46.9939, 27.1659, 55.7495, 42.5490, 34.7151, 32.4736, 15.9870, 11.6605
MVI_7916.MOV,0169,1, 33.2672, 45.1774, 28.5350, 26.8808, 23.2735, 28.8288, 33.2016, 29.4959, 34.6883, 15.9936, 40.3065, 45.5268, 17.2437, 24.3576, 28.3806, 36.3902, 47.0504, 27.2171, 55.7071, 42.6721, 34.5676, 32.8383, 16.1938, 11.5630
MVI_7916.MOV,0170,1, 33.1958, 45.3016, 28.8207, 26.8258, 23.6951, 28.5093, 33.1686, 29.2260, 34.5835, 15.7829, 40.2628, 45.6049, 17.2465, 24.1351, 28.5738, 36.7041, 47.2620, 26.7358, 55.5114, 42.8695, 34.8964, 32.4493, 16.3081, 11.7923
MVI_7916.MOV,0171,1, 33.4201, 45.1198, 28.6806, 26.8365, 23.7158, 28.4511, 32.5841, 29.3060, 34.6705, 15.7008, 40.1618, 45.6901, 17.4334, 23.6885, 28.6154, 36.4928, 47.3000, 27.1668, 55.7955, 42.8275, 34.6744, 32.5627, 16.1986, 11.9896
MVI_7916.MOV,0172,1, 33.2059, 44.9351, 28.7604, 26.9182, 23.7328, 28.5013, 33.0990, 29.2697, 34.4785, 15.7897, 40.0471, 45.5862, 17.3499, 24.1511, 28.4794, 36.6610, 47.2675, 26.9281, 55.8747, 42.7356, 34.7241, 32.5489, 16.1117, 11.5443
MVI_7916.MOV,0173,1, 33.2328, 45.4098, 28.8326, 26.8786, 23.7684, 28.5061, 33.2439, 29.3600, 34.8042, 16.0348, 40.0197, 45.4381, 16.9933, 24.2798, 28.5896, 36.4938, 47.2106, 27.0805, 55.6100, 42.8744, 34.8109, 32.2482, 15.7217, 11.6125
MVI_7916.MOV,0174,1, 33.4194, 45.2266, 28.9493, 27.1875, 23.6706, 28.5826, 33.0148, 29.2703, 34.7986, 15.7277, 40.0459, 45.5662, 17.2292, 23.9402, 28.7213, 36.5990, 47.2405, 27.4787, 55.7242, 42.9890, 34.6458, 32.6544, 16.0986, 11.5236
MVI_7916.MOV,0175,1, 33.3978, 44.8241, 28.8333, 26.6482, 23.7631, 28.5502, 32.9419, 29.2739, 34.6822, 15.9297, 40.2514, 45.7534, 16.7389, 24.0194, 28.6291, 36.5630, 47.0878, 27.1914, 55.8974, 42.7727, 34.5521, 32.6060, 16.2564, 11.5625
MVI_7916.MOV,0176,1, 33.4216, 45.3254, 28.6485, 26.9842, 23.5898, 28.2629, 32.8851, 29.1640, 34.5484, 15.8189, 40.2218, 45.5147, 16.9331, 24.3525, 28.5334, 36.6569, 47.3889, 27.0056, 55.7992, 42.8031, 34.7878, 32.4411, 16.3857, 11.5138
MVI_7916.MOV,0177,1, 33.5032, 45.0313, 29.1348, 26.7936, 23.8172, 28.8282, 33.0450, 29.2809, 34.8194, 15.6901, 40.0914, 45.8036, 17.2774, 24.1039, 28.7155, 36.7502, 46.9844, 27.1178, 55.7015, 42.9417, 34.5744, 32.6103, 16.0640, 11.7019
MVI_7916.MOV,0178,1, 33.3374, 45.1581, 28.7307, 26.6758, 23.6473, 28.6667, 33.0477, 29.4425, 35.1061, 16.0262, 40.1357, 45.5187, 17.2887, 24.2824, 28.6806, 36.5775, 47.2560, 26.9249, 55.6856, 42.7994, 34.3957, 32.4977, 16.0186, 11.5307
MVI_7916.MOV,0179,1, 33.0523, 45.2335, 28.6122, 26.6723, 23.6323, 28.4490, 32.6409, 29.2505, 34.7442, 15.9353, 40.0765, 45.7009, 17.4509, 24.0965, 28.1000, 36.4424, 47.1039, 27.2206, 56.0245, 42.9861, 34.8974, 32.3739, 16.2802, 11.6279
MVI_7916.MOV,0180,1, 33.2074, 45.3253, 28.7635, 27.0003, 23.7632, 28.6641, 32.9093, 29.4309, 34.6374, 15.9925, 40.0078, 45.8495, 17.1488, 24.0374, 28.4043, 36.5756, 47.1706, 27.0146, 55.7319, 42.6871, 34.8162, 32.4662, 16.1151, 11.4916
MVI_7916.MOV,0181,1, 33.1027, 45.3431, 28.7599, 26.6001, 23.8926, 28.5027, 32.8556, 29.1388, 34.7006, 15.6829, 40.0248, 45.4271, 17.2864, 24.1968, 28.5482, 36.7166, 47.1571, 27.1330, 55.9495, 42.5679, 34.8943, 32.5430, 15.8822, 11.7300
MVI_7916.MOV,0182,1, 33.1939, 45.0862, 28.8536, 26.4722, 23.9334, 28.5671, 32.6555, 29.3676, 34.6933, 15.7075, 40.3783, 45.3168, 17.2666, 24.1899, 28.5075, 36.5280, 47.2746, 27.2078, 55.9583, 42.9220, 34.6890, 32.6238, 16.0130, 11.6340
MVI_7916.MOV,0183,1, 33.2049, 45.2492, 28.6742, 26.8694, 23.5166, 28.7488, 32.8961, 29.4149, 34.6326, 15.9207, 40.2677, 45.5509, 17.2157, 23.8780, 28.4321, 36.7548, 47.2639, 27.5175, 55.7133, 42.8380, 34.9055, 32.2865, 16.3243, 11.8941
MVI_7916.MOV,0184,1, 33.2861, 45.1362, 28.8004, 26.6400, 23.7450, 28.4652, 33.2746, 29.3538, 34.5685, 15.9635, 40.3465, 45.5447, 17.2032, 23.6733, 28.6245, 36.5727, 47.1648, 27.1684, 55.9939, 42.8597, 34.6248, 32.2542, 16.0425, 11.6788
MVI_7916.MOV,0185,1, 33.3474, 45.4600, 28.6742, 26.7779, 23.9112, 28.8893, 33.0256, 29.4567, 34.6883, 15.8870, 40.0054, 45.3670, 17.1656, 24.1259, 28.4506, 36.6275, 47.0786, 26.6508, 56.0687, 42.8798, 34.7990, 32.4209, 16.1174, 11.8920
MVI_7916.MOV,0186,1, 33.1476, 45.3142, 28.4784, 26.6757, 24.0601, 28.8073, 33.0969, 29.1380, 34.6568, 15.8249, 40.0936, 45.3924, 17.2065, 24.1323, 28.5236, 36.7821, 47.0785, 27.1146, 55.8849, 42.7542, 34.9474, 32.7362, 16.2555, 11.4178
MVI_7916.MOV,0187,1, 33.2910, 45.1378, 28.6409, 26.7090, 23.4305, 28.6359, 32.9622, 29.1621, 34.7664, 15.7556, 40.1623, 45.4765, 17.0436, 23.9879, 28.3483, 36.6879, 46.9791, 27.0050, 55.9475, 42.9686, 34.8682, 32.4674, 16.0613, 11.7132
MVI_7916.MOV,0188,1, 33.2754, 45.2471, 28.5819, 26.8016, 23.4975, 28.5521, 33.1408, 29.4078, 34.9791, 15.7271, 40.1883, 45.5359, 17.2902, 23.9378, 28.5532, 36.7909, 47.3311, 27.1281, 55.8460, 42.7816, 34.8077, 32.5853, 16.2460, 11.3383
MVI_7916.MOV,0189,1, 33.0581, 45.1878, 28.8264, 26.8479, 23.8752, 28.6284, 33.0110, 29.1593, 34.6161, 15.8292, 40.2735, 45.3982, 17.2287, 24.5202, 28.4153, 36.7573, 47.1883, 27.0312, 55.8087, 42.8426, 34.9061, 32.7668, 15.9965, 11.7791
MVI_7916.MOV,0190,1, 33.3814, 45.2590, 28.5196, 26.7138, 23.5384, 28.5196, 32.8844, 29.3316, 34.7677, 15.5222, 40.0382, 45.6077, 17.5523, 24.1005, 28.5052, 36.5968, 47.1318, 27.3413, 55.9121, 42.9764, 35.0247, 32.5162, 16.1451, 11.7095
MVI_7916.MOV,0191,1, 33.4024, 45.2211, 28.8027, 26.5032, 24.0000, 28.4347, 32.8428, 29.0194, 34.5411, 15.8842, 40.1997, 45.4173, 17.1273, 24.0278, 28.6388, 36.7759, 47.1660, 26.9683, 55.9136, 42.7132, 35.0171, 32.3483, 15.9199, 11.4592
MVI_7916.MOV,0192,1, 33.2670, 45.1419, 28.7458, 26.5506, 23.5330, 28.3417, 33.0167, 29.3985, 34.5367, 15.9130, 40.1623, 45.4164, 17.3436, 23.9187, 28.1403, 36.4066, 47.0948, 27.0318, 55.8463, 42.8588, 34.8878, 32.4818, 16.0251, 11.4166
MVI_7916.MOV,0193,1, 33.3187, 45.3976, 28.6772, 26.6730, 23.9802, 28.2079, 32.9284, 29.2298, 34.6740, 16.0993, 39.9614, 45.5548, 17.2120, 23.9540, 28.3773, 36.7816, 47.2447, 27.0815, 55.8753, 43.1200, 34.9785, 32.6368, 15.9358, 11.7733
MVI_7916.MOV,0194,1, 33.6883, 45.1877, 28.5981, 26.9288, 23.7063, 28.3615, 32.9351, 29.2741, 34.7145, 15.8703, 40.0137, 45.5629, 17.1292, 23.7922, 28.4387, 36.5260, 47.0004, 27.2096, 56.1436, 42.9861, 34.5770, 32.3035, 15.8051, 11.6291
MVI_7916.MOV,0195,1, 33.4793, 45.4081, 28.5103, 26.7020, 23.5216, 28.1360, 33.0416, 29.3860, 34.8049, 15.7913, 40.2855, 45.4842, 16.9631, 23.7082, 28.2148, 36.6465, 47.1558, 26.8835, 56.0319, 43.0213, 34.9460, 32.3270, 15.9597, 11.6643
MVI_7916.MOV,0196,1, 33.6039, 45.4877, 28.7655, 26.8513, 23.6004, 28.7012, 33.0708, 29.0968, 34.3915, 15.6476, 40.1316, 45.4339, 16.8901, 24.1990, 28.3778, 36.8184, 46.9664, 27.3224, 55.8928, 42.8437, 35.0426, 32.0323, 15.8211, 11.8155
MVI_7916.MOV,0197,1, 33.4292, 45.1979, 28.8275, 26.5775, 23.7822, 28.3860, 32.9735, 29.1749, 34.6655, 15.7737, 40.3591, 45.4223, 17.3532, 23.8099, 28.6305, 36.8647, 47.1224, 27.1538, 56.0977, 42.9997, 34.7665, 32.1033, 15.7340, 11.5466
MVI_7916.MOV,0198,1, 33.3411, 45.1580, 28.8181, 26.6688, 23.7080, 28.5120, 33.0446, 29.1202, 34.8355, 15.9407, 40.1875, 45.4286, 17.0993, 24.0720, 28.7119, 36.3634, 47.2507, 27.0407, 56.0273, 43.1632, 34.8747, 32.4426, 16.0589, 11.6982
MVI_7916.MOV,0199,1, 33.3742, 45.2289, 28.4253, 26.8071, 23.5435, 28.4669, 33.0050, 29.3059, 34.9683, 15.8113, 40.0680, 45.5029, 17.0678, 23.8566, 28.4482, 36.5274, 47.0955, 27.1521, 56.1254, 42.8711, 34.6131, 32.2896, 15.8496, 11.4268
MVI_7916.MOV,0200,1, 33.3705, 45.3335, 28.7118, 26.6021, 23.5683, 28.4708, 33.0343, 29.2355, 34.4607, 15.8103, 40.2149, 45.4022, 17.1713, 23.6693, 28.3420, 36.7053, 47.4075, 27.0194, 56.2165, 43.0490, 34.8333, 32.4832, 15.7975, 11.6791
MVI_7916.MOV,0201,1, 33.4082, 45.3101, 28.8801, 26.5492, 23.4674, 28.5157, 32.7132, 29.2688, 34.7600, 15.7825, 40.2936, 45.5342, 17.1223, 23.9897, 28.3379, 36.9463, 47.2530, 27.0178, 55.9205, 42.9479, 34.9302, 32.5330, 16.1001, 11.0084
MVI_7916.MOV,0202,1, 33.1878, 45.4508, 28.6184, 26.6433, 23.7161, 28.1831, 33.1879, 29.1076, 34.5933, 15.9239, 40.2163, 45.5965, 17.2104, 24.2307, 28.5459, 36.3720, 47.0522, 27.0414, 55.9756, 43.2098, 34.9349, 32.3634, 16.0932, 11.2792
MVI_7916.MOV,0203,1, 33.1995, 45.1593, 28.8101, 26.8499, 23.4712, 28.2753, 32.9578, 29.3570, 34.9572, 16.0150, 40.3750, 45.5462, 17.0283, 23.8102, 28.4702, 36.9019, 47.1772, 27.1256, 56.0566, 42.8140, 34.8678, 32.1923, 15.8022, 11.6785
MVI_7916.MOV,0204,1, 33.4655, 45.2919, 28.5249, 26.8431, 23.5943, 28.2220, 33.0238, 29.2181, 34.6287, 15.7790, 40.1812, 45.5988, 17.0853, 23.9198, 28.2915, 36.8574, 47.1755, 27.1440, 56.0719, 43.0403, 34.7072, 32.2422, 15.7685, 11.3191
MVI_7916.MOV,0205,1, 32.8462, 45.3333, 28.5792, 26.9050, 23.6195, 28.5021, 33.1763, 29.2016, 34.7593, 15.7871, 40.4816, 45.4256, 17.0480, 23.7532, 28.5252, 36.7003, 47.1846, 27.2405, 55.9649, 42.9154, 34.7385, 32.6040, 16.1851, 11.2136
MVI_7916.MOV,0206,1, 33.0842, 45.4834, 28.8341, 26.6172, 24.0080, 28.1882, 33.0286, 29.1683, 34.6258, 15.8736, 40.1507, 45.6412, 17.1619, 23.5521, 28.3165, 36.8779, 47.3309, 27.0961, 56.1889, 43.2324, 34.9303, 32.3990, 16.1155, 11.4925
MVI_7916.MOV,0207,1, 33.2809, 45.3602, 28.4649, 26.3849, 23.6651, 28.2333, 32.6709, 29.3095, 34.5207, 15.8251, 40.1077, 45.6075, 17.1110, 23.9944, 28.3066, 36.9531, 47.1837, 27.1395, 56.0576, 43.0684, 35.0255, 32.1414, 16.3546, 11.8838
MVI_7916.MOV,0208,1, 33.0878, 45.5029, 28.6398, 26.6532, 23.6439, 28.3379, 32.8920, 29.2750, 34.7980, 15.7289, 40.3810, 45.7595, 16.8573, 23.8961, 28.6158, 37.0312, 47.0242, 26.8153, 55.9464, 43.0791, 34.8651, 32.5243, 15.6359, 11.6994
MVI_7916.MOV,0209,1, 33.3894, 45.3989, 28.6586, 26.5459, 23.2905, 28.3393, 33.0278, 29.3885, 34.9751, 15.7082, 40.1100, 45.4810, 17.0217, 24.0840, 28.3237, 36.4237, 47.1426, 26.8797, 56.3668, 43.2650, 34.8548, 32.2577, 15.9342, 11.5142
MVI_7916.MOV,0210,1, 33.2860, 45.5630, 28.6957, 26.5902, 23.4184, 28.5038, 32.7993, 29.1873, 34.8117, 15.5988, 40.2946, 45.4599, 17.1924, 23.9265, 28.5177, 36.5841, 47.2058, 27.1644, 56.1697, 42.8012, 34.8186, 32.4054, 16.0179, 11.4583
MVI_7916.MOV,0211,1, 33.1743, 45.3930, 28.4511, 26.4571, 23.5358, 28.1660, 32.9480, 29.0817, 34.6182, 15.6112, 40.0652, 45.6562, 17.0580, 23.8447, 28.3029, 36.6153, 47.1098, 27.2311, 56.1366, 43.1235, 34.8828, 32.7329, 15.8561, 11.6323
MVI_7916.MOV,0212,1, 33.2537, 45.6284, 28.4481, 26.5115, 23.2809, 28.1695, 33.0122, 29.6294, 35.1142, 16.0935, 40.0603, 45.3526, 17.0542, 23.7651, 28.4090, 37.1129, 47.3748, 27.2495, 56.2100, 43.0325, 34.9391, 32.3475, 15.8598, 11.4847
MVI_7916.MOV,0213,1, 33.1515, 45.4392, 28.5678, 26.7324, 23.8301, 28.7232, 32.9760, 29.1320, 34.6740, 15.7024, 40.2539, 45.4640, 17.2428, 23.7443, 28.4972, 36.7358, 47.1419, 26.8899, 56.1879, 43.0142, 35.0072, 32.4601, 16.0810, 11.5933
MVI_7916.MOV,0214,1, 33.4543, 45.3245, 28.4478, 26.6579, 23.6061, 28.3894, 32.8680, 29.2210, 34.7486, 15.9506, 40.1844, 45.3707, 17.1559, 23.9275, 28.1885, 36.6999, 47.1189, 27.1322, 56.0872, 43.0882, 35.0326, 32.4414, 15.9574, 11.6954
MVI_7916.MOV,0215,1, 33.7031, 45.2346, 28.7328, 26.6646, 23.4927, 28.3218, 33.0399, 29.3240, 34.7442, 15.6931, 40.0732, 45.6829, 16.8368, 24.0612, 28.2864, 36.7434, 47.1649, 26.6311, 56.2421, 42.9261, 35.0118, 32.4619, 16.0218, 11.6649
MVI_7916.MOV,0216,1, 33.2118, 45.4005, 28.9298, 26.5021, 23.7828, 28.3180, 33.1421, 29.3617, 34.6731, 15.6089, 40.3287, 45.6632, 16.9260, 24.2336, 28.3628, 37.0224, 47.0591, 27.0892, 56.3171, 42.8993, 34.6747, 32.3649, 16.0587, 11.6596
MVI_7916.MOV,0217,1, 33.3818, 45.4938, 28.5147, 26.3245, 23.6954, 28.3391, 32.9091, 29.1255, 34.8450, 15.9108, 40.3458, 45.7062, 17.0178, 23.8778, 28.6470, 36.8573, 47.4142, 27.1424, 56.1165, 42.9509, 34.9617, 32.4296, 15.6825, 11.9510
MVI_7916.MOV,0218,1, 33.5355, 45.3523, 28.8093, 26.2722, 23.6567, 28.6884, 33.1732, 29.0241, 34.9480, 15.7894, 40.3229, 45.5652, 17.0554, 23.8307, 28.2634, 36.8445, 47.3690, 27.0138, 55.9802, 43.1814, 34.9258, 32.1247, 16.1190, 11.4904
MVI_7916.MOV,0219,1, 33.3110, 45.5450, 28.7100, 26.6784, 23.5607, 28.5056, 32.9346, 29.2230, 34.7174, 16.0208, 40.1333, 45.8040, 17.1884, 24.4360, 28.4929, 36.8023, 47.4014, 26.8307, 55.9700, 42.9906, 35.0990, 32.2437, 15.6979, 11.3218
MVI_7916.MOV,0220,1, 33.4944, 45.5071, 28.7748, 26.1793, 23.7813, 28.6094, 32.9695, 29.4730, 34.7046, 15.6561, 40.4824, 45.4589, 17.0365, 24.1040, 28.2630, 36.9606, 47.3194, 27.0202, 56.4300, 43.2209, 35.0027, 32.4580, 16.1193, 11.6558
MVI_7916.MOV,0221,1, 33.4982, 45.5016, 28.3450, 26.6902, 23.7536, 28.7193, 33.1324, 29.5240, 34.8445, 15.8812, 40.1667, 45.7125, 17.3905, 24.0437, 28.2799, 37.0442, 47.2427, 26.9945, 56.3462, 43.2880, 34.7517, 32.3577, 15.9135, 11.5208
MVI_7916.MOV,0222,1, 33.5395, 45.4967, 28.6591, 26.4435, 23.3010, 28.2694, 33.0897, 29.2489, 34.8180, 15.5372, 40.1502, 45.6620, 17.0235, 23.9032, 28.4147, 36.8097, 47.2001, 26.8471, 56.1060, 42.7721, 34.8443, 32.4829, 15.9318, 11.5663
MVI_7916.MOV,0223,1, 33.0728, 45.7191, 28.5201, 26.4798, 23.5931, 28.5878, 32.9608, 29.0950, 34.8017, 15.8212, 40.3139, 45.7885, 16.9392, 24.0670, 28.3805, 36.7281, 47.2253, 26.9360, 56.2903, 43.0909, 34.7944, 32.4237, 16.0258, 11.6486
MVI_7916.MOV,0224,1, 33.4417, 45.3845, 28.6703, 26.5600, 23.7908, 28.7312, 33.1024, 29.3608, 34.6574, 15.7379, 40.2980, 45.8608, 16.9829, 23.8538, 28.4109, 37.0072, 47.1434, 26.8030, 56.0416, 43.0436, 35.3724, 32.2162, 16.0830, 11.7457
MVI_7916.MOV,0225,1, 33.3181, 45.4653, 28.6108, 26.3537, 23.5793, 28.3888, 32.7785, 29.1478, 34.8088, 15.5977, 40.0672, 45.4659, 17.0335, 24.1881, 28.6104, 36.7841, 46.9912, 27.0682, 56.0230, 43.0658, 34.9159, 32.4782, 16.0485, 11.8189
MVI_7916.MOV,0226,1, 33.4278, 45.4314, 28.5583, 26.3887, 23.5434, 28.5044, 32.9410, 29.0147, 34.7422, 15.5523, 40.2384, 45.7250, 16.9975, 24.1547, 28.1934, 36.7546, 47.1516, 26.9452, 56.2739, 43.0210, 34.8034, 32.3738, 15.6468, 11.6713
MVI_7916.MOV,0227,1, 33.2301, 45.2823, 28.4778, 26.4659, 23.7216, 28.6476, 33.0584, 29.2061, 34.8930, 15.5666, 40.1344, 45.4225, 17.1921, 23.8362, 28.4149, 36.9839, 47.3287, 26.8915, 56.1568, 43.0965, 34.9653, 32.0724, 15.9805, 11.6878
MVI_7916.MOV,0228,1, 33.1664, 45.4913, 28.5820, 26.4001, 23.7713, 28.7379, 33.0575, 29.4274, 34.8543, 16.0315, 40.3272, 45.5655, 16.9883, 24.0777, 28.3368, 36.6663, 46.9444, 26.9982, 56.0389, 42.9810, 34.7748, 32.5057, 15.9508, 11.6085
MVI_7916.MOV,0229,1, 33.1858, 45.4106, 28.9040, 26.3447, 23.3994, 28.2217, 32.6908, 29.0329, 35.0268, 15.7781, 40.2748, 45.4873, 16.9320, 23.6633, 28.0546, 36.8257, 47.1247, 26.7813, 56.0504, 42.8642, 34.7448, 32.2403, 16.0923, 11.5378
MVI_7916.MOV,0230,1, 33.5131, 45.5117, 28.8341, 26.7614, 23.7034, 28.4707, 32.9609, 29.2220, 35.0852, 15.7843, 40.1602, 45.6980, 16.8426, 23.9135, 28.5166, 36.7576, 47.3105, 26.9173, 56.1622, 42.9284, 34.8550, 32.4452, 15.9202, 11.3277
MVI_7916.MOV,0231,1, 33.3483, 45.2357, 28.6482, 26.4361, 23.3766, 28.2291, 33.0642, 29.3153, 34.7214, 15.9595, 40.2314, 45.3944, 17.2982, 23.5834, 28.4046, 36.9120, 47.4140, 26.8099, 56.1320, 42.9513, 34.6685, 32.4468, 16.0223, 11.2155
MVI_7916.MOV,0232,1, 33.3572, 45.4101, 28.6885, 26.5917, 23.4940, 28.3668, 32.8687, 29.3114, 34.8662, 16.2550, 40.1168, 45.6518, 16.8893, 24.1836, 28.6001, 36.9123, 47.3544, 27.0944, 56.1255, 43.0745, 34.8008, 32.5144, 15.5456, 11.6895
MVI_7916.MOV,0233,1, 33.1585, 45.2630, 28.8163, 26.9111, 23.6727, 28.5173, 33.1928, 29.0574, 34.6226, 15.5682, 40.0186, 45.6244, 17.1333, 23.8175, 28.4024, 36.7489, 47.3123, 26.7863, 56.1712, 42.9005, 34.8403, 32.4028, 15.7461, 11.5474
MVI_7916.MOV,0234,1, 33.1537, 45.5818, 28.7913, 26.5446, 23.8419, 28.5673, 32.8191, 29.4064, 34.7470, 15.5236, 40.2468, 45.5643, 17.0944, 23.8977, 28.0529, 36.7194, 47.1309, 27.3421, 56.1915, 42.8297, 34.8229, 32.2849, 16.2046, 11.3654
MVI_7916.MOV,0235,1, 33.2524, 45.3882, 28.5004, 26.6351, 23.4237, 28.4896, 33.2169, 29.4194, 34.9391, 15.5316, 40.2672, 45.5848, 17.2278, 23.8954, 28.6087, 36.7247, 47.3196, 27.2249, 56.0869, 42.7849, 35.0283, 32.5113, 16.0387, 11.5815
MVI_7916.MOV,0236,1, 33.2346, 45.4028, 28.5572, 26.5389, 23.3203, 28.4891, 32.9195, 29.1302, 34.8871, 15.7830, 40.3915, 45.4789, 17.1088, 24.0616, 28.3459, 36.5982, 47.1399, 27.0239, 56.2243, 43.0076, 35.0380, 32.5306, 15.8949, 11.5388
MVI_7916.MOV,0237,1, 33.4442, 45.6753, 28.5654, 26.8757, 23.7623, 28.2726, 33.0012, 29.2279, 34.6561, 16.1057, 40.3301, 45.6319, 17.1281, 23.9111, 28.4965, 36.8541, 47.3870, 26.9271, 56.1795, 42.8964, 35.0560, 32.2016, 16.1889, 11.9156
MVI_7916.MOV,0238,1, 33.5904, 45.3482, 28.6631, 26.6863, 23.5051, 28.5476, 33.0639, 29.3283, 35.0912, 15.8041, 40.2122, 45.7703, 17.0989, 23.7504, 28.3105, 36.6820, 47.3350, 26.9193, 56.1985, 43.0472, 35.0275, 32.5153, 15.9725, 11.3527
MVI_7916.MOV,0239,1, 33.1134, 45.3298, 28.6416, 26.3206, 23.4801, 28.5939, 32.9622, 29.2842, 34.6741, 15.8206, 40.4113, 45.7369, 16.9797, 23.7433, 28.3224, 36.9534, 47.3814, 27.0217, 56.2909, 43.2438, 35.1149, 32.3793, 15.9925, 11.6509
MVI_7916.MOV,0240,1, 33.6015, 45.4568, 28.4134, 26.6530, 23.5355, 28.5913, 33.3105, 29.0591, 34.7877, 15.6454, 40.0666, 45.5806, 16.9764, 23.9962, 28.4659, 36.8866, 47.3270, 27.0233, 56.1154, 42.9959, 34.9346, 32.3802, 15.8928, 11.3678
MVI_7916.MOV,0241,1, 33.7599, 45.4451, 28.6357, 26.6437, 23.7007, 28.5069, 33.1955, 29.2177, 34.9180, 15.7097, 40.1746, 45.5650, 17.1145, 24.0737, 28.4171, 37.1229, 47.1801, 27.2527, 56.4004, 42.9994, 34.6708, 32.2249, 16.2919, 11.5587
MVI_7916.MOV,0242,1, 33.4333, 45.5735, 28.4738, 26.4583, 23.4880, 28.4501, 33.0076, 29.1914, 34.7769, 15.7809, 40.5520, 45.6936, 17.0980, 23.8725, 28.1912, 36.7439, 47.1768, 26.9567, 56.0482, 43.2495, 35.1538, 32.3967, 15.7945, 11.2171
MVI_7916.MOV,0243,1, 33.4693, 45.3957, 28.7277, 26.7699, 23.5940, 28.5740, 32.9848, 29.3367, 34.6735, 15.9988, 40.1583, 45.5721, 17.0273, 24.1205, 28.6418, 36.8821, 47.2980, 27.0483, 56.1126, 43.0964, 34.8095, 32.3501, 15.5747, 11.3981
MVI_7916.MOV,0244,1, 33.1807, 45.2704, 28.6011, 26.7473, 23.6455, 28.6684, 32.9502, 29.1990, 34.8703, 15.8571, 40.4233, 45.5807, 17.1026, 24.0361, 28.6277, 36.8384, 47.1023, 26.8762, 56.0888, 42.9406, 34.9142, 32.4299, 16.2046, 11.4933
MVI_7916.MOV,0245,1, 33.0683, 45.3592, 28.5975, 26.6326, 23.6722, 28.5725, 33.1310, 29.1965, 34.8158, 15.6294, 40.3217, 45.7274, 17.1329, 23.9911, 28.4172, 36.7498, 47.4298, 26.8460, 56.1541, 43.1572, 34.8619, 32.5716, 15.6953, 11.6437
MVI_7916.MOV,0246,1, 33.1621, 45.2512, 28.4856, 26.6420, 23.2815, 28.2243, 32.9834, 28.9559, 34.8468, 15.8959, 40.3609, 45.8622, 17.0586, 24.1412, 28.4650, 36.9542, 47.0755, 27.2268, 56.0091, 42.9620, 34.8863, 32.4787, 16.0460, 11.6476
MVI_7916.MOV,0247,1, 33.1683, 45.7158, 28.5194, 26.6097, 23.5543, 28.6818, 32.9208, 29.1391, 34.7712, 15.6357, 40.3036, 45.7136, 17.2951, 24.0737, 28.5094, 37.0427, 47.0641, 27.4042, 56.2515, 43.0038, 35.0366, 32.4762, 15.9704, 11.3866
MVI_7916.MOV,0248,1, 33.5844, 45.4927, 28.5563, 26.6913, 23.6394, 28.5951, 33.0704, 29.2926, 34.8901, 15.7449, 40.2957, 45.7986, 17.2908, 23.7187, 28.2078, 36.8254, 47.1818, 27.3047, 56.1202, 43.0592, 35.0536, 32.3324, 15.9786, 11.4901
MVI_7916.MOV,0249,1, 33.6307, 45.5550, 28.5594, 26.5166, 23.6726, 28.3378, 33.0425, 29.1551, 34.8431, 15.8452, 40.3694, 45.7506, 16.9735, 24.0414, 28.4327, 37.0363, 47.2217, 27.0296, 56.1678, 43.1781, 34.8167, 32.5375, 15.7553, 11.3523
MVI_7916.MOV,0250,1, 33.5106, 45.7323, 28.6922, 26.5980, 23.5977, 28.7177, 32.9118, 29.0980, 34.7676, 15.8716, 40.4851, 45.9793, 17.2589, 23.8540, 28.3710, 37.0146, 47.1587, 27.1122, 56.1176, 42.8688, 35.0986, 32.1481, 15.8126, 11.5809
MVI_7916.MOV,0251,1, 33.4064, 45.4140, 28.5371, 26.7378, 23.6683, 28.5527, 33.0568, 29.3648, 34.7796, 15.7989, 40.4506, 45.7467, 17.0618, 23.9555, 28.6278, 36.9994, 47.3119, 26.9973, 56.1989, 42.9334, 35.0629, 32.3071, 15.5612, 11.6516
MVI_7916.MOV,0252,1, 33.1329, 45.3418, 28.7458, 26.4604, 23.7136, 28.4290, 33.1746, 29.2718, 34.8779, 16.0030, 40.3543, 45.8565, 17.0512, 23.8677, 28.2903, 36.8441, 47.3885, 27.2079, 56.3268, 43.1306, 34.7719, 32.6994, 15.9614, 11.3394
MVI_7916.MOV,0253,1, 33.2938, 45.5488, 28.7233, 26.6220, 23.4440, 28.2022, 32.9051, 29.2181, 35.0273, 15.4902, 40.5151, 45.8432, 17.4704, 24.0275, 28.6751, 36.9964, 47.4323, 27.4782, 56.2716, 43.1030, 34.9780, 32.2108, 16.0161, 11.8322
MVI_7916.MOV,0254,1, 33.2172, 45.6241, 28.6727, 26.5659, 23.6316, 28.4430, 33.2049, 29.2562, 34.8076, 15.5581, 40.5266, 45.8572, 17.1758, 24.0573, 28.3801, 36.7732, 47.4800, 26.9568, 56.1247, 42.9774, 34.8478, 32.2395, 15.9430, 11.6853
MVI_7916.MOV,0255,1, 33.4647, 45.4788, 28.8956, 26.5965, 23.6082, 28.2987, 33.1347, 29.1985, 34.8941, 15.9134, 40.4648, 45.8582, 17.0058, 24.0256, 28.2707, 36.9868, 47.2621, 27.1490, 55.9611, 42.9668, 34.8243, 32.4705, 15.8665, 11.4414
MVI_7916.MOV,0256,1, 33.4281, 45.2305, 28.7141, 26.7600, 23.4550, 28.7119, 32.8506, 29.2644, 34.9172, 15.6790, 40.7135, 45.6379, 17.1209, 24.3056, 28.4446, 37.1218, 47.6424, 27.1974, 56.3174, 43.1877, 34.9580, 32.5231, 15.8765, 11.6111
MVI_7916.MOV,0257,1, 33.5906, 45.4796, 28.5923, 26.7385, 23.5073, 28.6561, 33.1424, 29.1710, 34.9355, 15.7758, 40.2478, 46.0244, 16.9824, 23.8533, 28.5730, 36.8999, 47.3353, 26.8055, 56.2497, 43.1226, 34.9801, 32.3189, 16.0111, 11.6546
MVI_7916.MOV,0258,1, 33.4241, 45.3574, 28.7090, 26.5549, 23.5046, 28.8232, 32.9486, 29.3097, 35.0318, 15.3789, 40.4071, 46.0488, 17.3878, 24.3454, 28.5960, 37.1511, 47.3056, 26.7823, 56.2858, 43.0286, 35.2067, 32.5096, 15.7637, 11.6036
MVI_7916.MOV,0259,1, 33.0798, 45.4987, 28.7734, 26.5762, 23.5029, 28.5794, 33.2443, 29.2787, 34.9098, 15.6818, 40.5839, 45.7659, 17.0854, 24.0748, 28.6681, 36.9184, 47.3645, 27.2461, 56.3691, 43.2302, 35.0643, 32.2254, 16.1169, 11.5400
MVI_7916.MOV,0260,1, 33.7168, 45.7134, 28.6201, 26.4177, 23.8117, 28.6714, 32.9478, 29.3790, 35.1355, 15.7157, 40.5688, 45.9470, 17.2082, 24.0159, 28.5048, 36.9249, 47.3497, 27.0318, 55.8699, 43.0056, 35.3820, 32.5531, 15.9857, 11.4416
MVI_7916.MOV,0261,1, 33.6784, 45.6151, 28.6137, 26.4563, 23.7424, 28.5936, 33.0462, 29.3223, 34.9516, 16.0048, 40.3966, 45.9083, 16.9311, 24.1285, 28.5164, 37.0399, 47.3098, 26.8912, 55.9702, 43.0754, 35.0316, 32.2349, 15.9569, 11.2351
MVI_7916.MOV,0262,1, 33.6322, 45.4573, 28.9048, 26.7764, 23.7340, 28.7460, 33.2101, 29.3655, 34.9036, 16.0730, 40.2371, 45.8396, 17.0720, 24.0955, 28.4657, 37.2534, 47.3951, 26.7947, 56.2184, 43.1071, 34.9966, 32.5769, 15.9917, 11.7716
MVI_7916.MOV,0263,1, 33.7747, 45.5106, 28.4459, 26.4212, 23.6606, 28.5615, 32.9733, 29.2226, 34.7182, 15.9784, 40.6629, 45.8521, 17.1298, 24.3422, 28.3233, 36.9235, 47.3195, 27.1006, 56.3864, 42.9615, 35.0110, 32.5022, 15.7597, 11.7570
MVI_7916.MOV,0264,1, 33.2100, 45.4602, 28.5613, 26.6154, 23.9495, 28.7696, 33.1095, 29.3272, 34.9928, 15.9046, 40.3625, 46.0140, 17.2171, 24.0780, 28.5239, 36.9501, 47.2736, 27.4502, 56.3569, 43.1647, 34.9438, 32.3134, 15.8325, 11.7314
MVI_7916.MOV,0265,1, 33.3101, 45.3535, 28.5737, 26.4001, 23.5898, 28.5324, 33.2065, 29.3110, 35.0532, 15.7142, 40.7455, 45.8893, 16.9186, 23.9741, 28.1406, 37.1633, 47.3445, 27.1032, 55.9248, 43.1118, 34.8986, 32.6789, 15.8081, 11.9266
MVI_7916.MOV,0266,1, 33.4106, 45.4876, 28.5568, 26.5105, 23.6531, 28.5214, 32.9299, 29.1740, 35.0799, 16.0309, 40.5108, 45.8445, 17.0525, 24.1205, 28.2405, 37.1119, 47.2736, 27.1935, 56.2851, 43.1977, 35.0513, 32.4722, 15.6293, 11.7032
MVI_7916.MOV,0267,1, 33.4878, 45.4056, 28.5823, 26.7737, 23.7212, 28.5601, 32.9617, 29.2100, 34.8390, 15.8621, 40.4576, 46.0929, 17.1735, 23.8803, 28.3288, 36.7469, 47.4495, 27.1741, 56.3516, 43.0299, 34.9538, 32.2284, 15.7971, 11.6163
MVI_7916.MOV,0268,1, 33.5880, 45.6446, 28.7120, 26.4010, 23.4095, 28.2796, 33.0807, 29.4625, 35.1327, 16.0258, 40.4504, 45.8262, 17.2898, 23.9391, 28.2438, 37.1516, 47.3743, 27.2790, 56.3387, 43.4545, 35.0875, 32.6307, 15.8837, 11.6380
MVI_7916.MOV,0269,1, 33.3968, 45.4169, 28.4213, 26.1756, 23.8843, 28.6108, 33.2381, 29.3704, 35.1515, 15.8899, 40.4888, 46.0543, 16.8896, 24.0500, 28.4584, 37.0384, 47.5410, 27.0044, 56.3792, 43.2601, 34.9832, 32.3313, 15.7288, 11.4324
MVI_7916.MOV,0270,1, 33.5255, 45.7424, 28.5214, 26.6190, 23.7351, 28.4971, 33.0397, 29.0628, 35.0498, 15.4088, 40.3488, 45.7716, 16.9069, 24.1012, 28.4732, 37.0512, 47.3222, 27.3509, 56.2263, 43.5330, 35.0455, 32.4728, 15.8663, 11.4911
MVI_7916.MOV,0271,1, 33.5599, 45.5414, 28.8509, 26.6120, 23.8052, 28.6742, 33.1474, 29.3046, 34.9870, 15.7900, 40.6533, 45.9659, 17.4182, 24.0744, 28.6089, 37.0932, 47.3044, 27.5614, 56.1981, 43.2419, 35.1330, 32.2976, 15.9734, 11.5609
MVI_7916.MOV,0272,1, 33.6404, 45.5100, 28.4309, 26.5182, 23.9133, 28.4326, 33.0709, 29.3688, 35.1807, 15.9373, 40.3791, 46.0194, 17.1031, 23.7440, 28.3708, 37.0852, 47.5025, 27.1780, 56.2899, 43.3045, 35.0450, 32.6651, 15.7931, 11.4390
MVI_7916.MOV,0273,1, 33.6217, 45.6529, 28.2754, 27.1323, 23.1426, 28.5162, 33.1411, 29.2051, 35.0630, 15.5713, 40.5634, 45.9106, 17.2595, 24.1621, 28.4517, 37.2161, 47.3506, 27.5553, 56.2437, 43.0385, 35.1390, 32.3002, 15.8475, 11.6975
MVI_7916.MOV,0274,1, 33.4809, 45.6256, 28.4376, 26.4512, 23.6087, 28.5186, 33.1106, 29.2699, 34.8737, 15.6655, 40.7147, 45.9447, 17.5817, 24.0555, 28.1322, 37.1637, 47.3707, 27.1023, 56.5884, 42.8853, 34.8882, 32.2157, 15.7585, 11.6811
MVI_7916.MOV,0275,1, 33.6702, 45.8471, 28.5446, 26.5526, 23.5558, 28.5550, 33.2912, 29.1114, 34.7516, 15.7262, 40.5281, 45.8550, 17.4956, 23.7377, 28.3559, 36.9412, 47.5657, 27.3975, 56.6224, 43.1749, 35.0641, 32.5798, 15.7151, 11.7442
MVI_7916.MOV,0276,1, 33.7510, 45.6155, 28.4958, 26.4653, 23.4889, 28.3281, 32.9398, 29.1435, 35.0199, 15.7508, 40.4709, 46.0353, 17.0615, 24.3257, 28.2334, 37.1777, 47.4123, 27.1531, 56.3471, 43.2006, 35.0267, 32.2661, 16.1064, 11.4687
MVI_7916.MOV,0277,1, 33.5123, 45.2533, 28.6985, 26.4796, 23.5141, 28.4042, 33.0944, 29.1836, 35.0574, 15.5721, 40.6378, 45.9650, 17.1657, 24.1786, 28.4324, 37.0613, 47.2123, 27.1800, 56.4762, 43.2615, 34.9308, 32.3735, 15.5762, 11.5011
MVI_7916.MOV,0278,1, 33.5149, 45.5818, 28.6280, 26.5625, 23.7635, 28.8656, 33.1753, 29.4017, 35.0138, 15.8520, 40.4397, 46.1708, 17.1408, 23.9537, 28.4497, 36.9437, 47.3477, 27.2495, 56.3803, 43.4618, 35.0097, 32.3762, 15.8264, 11.7316
MVI_7916.MOV,0279,1, 33.4129, 45.5886, 28.4491, 26.1763, 23.6198, 28.5079, 32.9946, 29.3032, 35.0938, 15.8867, 40.3240, 45.7287, 17.1666, 24.2881, 28.3957, 37.0217, 47.5195, 27.1537, 56.3746, 43.3622, 35.2127, 32.5839, 15.7276, 11.6421
MVI_7916.MOV,0280,1, 33.5549, 45.6082, 28.5952, 26.0342, 23.6296, 28.4641, 32.9226, 28.8869, 34.9655, 15.9757, 40.4538, 46.0647, 17.2614, 24.1739, 28.1942, 37.1294, 47.5259, 27.2070, 56.6893, 43.2300, 35.3836, 32.2382, 15.7554, 11.9190
MVI_7916.MOV,0281,1, 33.8028, 45.6680, 28.3771, 26.5648, 23.3181, 28.6930, 33.0691, 29.2180, 35.0974, 16.0431, 40.3352, 45.9790, 17.2047, 24.0964, 28.4044, 36.8742, 47.5263, 27.1571, 56.2759, 43.1672, 34.9849, 32.3163, 15.8296, 11.4556
MVI_7916.MOV,0282,1, 33.6786, 45.4113, 28.3348, 26.5122, 23.5124, 28.5438, 33.2042, 29.1667, 34.9564, 15.6965, 40.4812, 45.8776, 17.0974, 24.3134, 28.4505, 37.2605, 47.4442, 27.1107, 56.2811, 43.3091, 34.8895, 32.1970, 15.7857, 11.5885
MVI_7916.MOV,0283,1, 33.6319, 45.5693, 28.4431, 26.4607, 23.4347, 28.6674, 33.1166, 29.1933, 35.0185, 15.8123, 40.3532, 45.9237, 17.2685, 24.4189, 28.5500, 37.0131, 47.2399, 27.1309, 56.3759, 43.1693, 35.0256, 32.2448, 15.6505, 11.6314
MVI_7916.MOV,0284,1, 33.6202, 45.5330, 28.1461, 26.5961, 23.7810, 28.3642, 32.8750, 29.3149, 35.0447, 15.5719, 40.5184, 45.8057, 17.0120, 24.1765, 28.3857, 37.3690, 47.5520, 27.3007, 56.3911, 43.0830, 35.1399, 32.6817, 15.9064, 11.4012
MVI_7916.MOV,0285,1, 33.6465, 45.8093, 28.5455, 26.6716, 23.7873, 28.7786, 33.0545, 29.5217, 35.1185, 15.6809, 40.6907, 46.1317, 16.9327, 23.8592, 28.2990, 36.8610, 47.8448, 27.0464, 56.5136, 43.2166, 35.1048, 32.4860, 15.7799, 11.6054
MVI_7916.MOV,0286,1, 33.8671, 45.5801, 28.5110, 26.5138, 23.5310, 28.5697, 33.1083, 29.2817, 34.9673, 15.7817, 40.4139, 46.0452, 17.1606, 23.8492, 28.4365, 36.8710, 47.3768, 27.3645, 56.3893, 43.2951, 35.0991, 32.3908, 15.8409, 11.6188
MVI_7916.MOV,0287,1, 33.5020, 45.4176, 28.4540, 26.6201, 23.6926, 28.3045, 33.1124, 29.3325, 34.8910, 16.0257, 40.6085, 45.9234, 17.4753, 23.9401, 28.3754, 36.9342, 47.6184, 27.2190, 56.5802, 43.1478, 35.2284, 32.3361, 15.6875, 11.2905
MVI_7916.MOV,0288,1, 33.3297, 45.7169, 28.5203, 26.5110, 24.0131, 28.5729, 33.2530, 29.1833, 34.8835, 15.8835, 40.4584, 46.2021, 17.3534, 23.5931, 28.2472, 37.1690, 47.4429, 27.2717, 56.3900, 43.0909, 35.0759, 32.2074, 15.6549, 11.5417
MVI_7916.MOV,0289,1, 33.5678, 45.5454, 28.4912, 26.3409, 23.5985, 28.5526, 33.1123, 28.9724, 35.1152, 15.8371, 40.4120, 46.0015, 17.1627, 24.0103, 28.3324, 37.1523, 47.6504, 27.5208, 56.5006, 43.3050, 35.0216, 32.3298, 15.8454, 11.6581
MVI_7916.MOV,0290,1, 33.4325, 45.4544, 28.5214, 26.1970, 23.5888, 28.5223, 33.2165, 29.3022, 35.0637, 15.7757, 40.3165, 45.8414, 17.0593, 24.4077, 28.2210, 37.2666, 47.5054, 27.1191, 56.3848, 43.1479, 35.0724, 32.1133, 15.6005, 11.5903
MVI_7916.MOV,0291,1, 33.4292, 45.5062, 28.0723, 26.2665, 23.8134, 28.3820, 32.8667, 29.3389, 35.2027, 15.9486, 40.6850, 45.9899, 16.6267, 23.8518, 28.2625, 37.1786, 47.5541, 27.0978, 56.5138, 43.2013, 35.0588, 32.2286, 15.7956, 11.6024
MVI_7916.MOV,0292,1, 33.3167, 45.4797, 28.2583, 26.5155, 23.3392, 28.5954, 32.8470, 28.8727, 34.8819, 15.7079, 40.5564, 45.8367, 17.1150, 24.0533, 28.3227, 37.3179, 47.3224, 27.4003, 56.2783, 43.3118, 34.7735, 32.2229, 15.7530, 11.5635
MVI_7916.MOV,0293,1, 33.3739, 45.5902, 28.3301, 26.4511, 23.6916, 28.6024, 33.2765, 29.1339, 34.9556, 15.6388, 40.4010, 45.9837, 17.2449, 23.9500, 28.1322, 36.9414, 47.6137, 27.0012, 56.4937, 43.1455, 35.1489, 32.3968, 15.7502, 11.5821
MVI_7916.MOV,0294,1, 33.0487, 45.8132, 28.4814, 26.5924, 23.8165, 28.5143, 33.1402, 29.2002, 35.1875, 15.7113, 40.4867, 46.1521, 16.8513, 24.1675, 28.3377, 37.2956, 47.4530, 27.1967, 56.4978, 43.2176, 34.9225, 32.2460, 15.8956, 11.7166
MVI_7916.MOV,0295,1, 33.4398, 45.8135, 28.3863, 26.1946, 23.5106, 28.5795, 33.0115, 29.1885, 35.2081, 15.5629, 40.7708, 45.9293, 17.0273, 24.1394, 28.3143, 37.3483, 47.5343, 27.0671, 56.5800, 43.2812, 35.0702, 32.4814, 15.7316, 11.6398
MVI_7916.MOV,0296,1, 33.7077, 45.6181, 28.3357, 26.5882, 23.7011, 28.5304, 33.3583, 29.3060, 34.9505, 15.7994, 40.4150, 46.0384, 16.9480, 24.2689, 28.4075, 37.2692, 47.3756, 27.0747, 56.3711, 43.2455, 35.1373, 32.2598, 15.8063, 11.7141
MVI_7916.MOV,0297,1, 33.6238, 45.5612, 28.2725, 26.5115, 23.6078, 28.6443, 33.1671, 29.3970, 35.2226, 15.8880, 40.6781, 46.0242, 16.8921, 24.2124, 28.5011, 37.1078, 47.4908, 27.2441, 56.3004, 43.5229, 35.1463, 32.3722, 15.6693, 11.4533
MVI_7916.MOV,0298,1, 33.6224, 45.6997, 28.4874, 26.3150, 23.5639, 29.0425, 33.0911, 29.1588, 34.7950, 15.7261, 40.5939, 46.1040, 17.2147, 23.9165, 28.1614, 37.2480, 47.5669, 27.2367, 56.7464, 43.1239, 34.9258, 32.2275, 15.9983, 11.3427
MVI_7916.MOV,0299,1, 33.4017, 45.5899, 28.6132, 26.3433, 23.7143, 28.7068, 33.0882, 29.1844, 34.7643, 15.9309, 40.5206, 46.0157, 17.1822, 23.8834, 28.1996, 37.2110, 47.4560, 26.8687, 56.2011, 43.4742, 35.0702, 32.4636, 15.8696, 11.4297
MVI_7916.MOV,0300,1, 33.5499, 45.5551, 28.1960, 26.3553, 23.4816, 28.4207, 33.1046, 29.2453, 34.8248, 15.8961, 40.6811, 46.1196, 16.7514, 24.0504, 28.4793, 37.2387, 47.3475, 27.2897, 56.5396, 43.4266, 34.9434, 32.2968, 15.8288, 11.6355
MVI_7916.MOV,0301,1, 33.4866, 45.7219, 28.4590, 26.4098, 23.4602, 28.1780, 33.1376, 29.3276, 34.7959, 15.8373, 40.4989, 46.0060, 17.0452, 23.9124, 28.3203, 37.2783, 47.4134, 26.9789, 56.6533, 43.3995, 35.3606, 32.5369, 15.6600, 11.5567
MVI_7916.MOV,0302,1, 33.3146, 45.5827, 28.6397, 26.2965, 23.4839, 28.4433, 33.2648, 28.9913, 35.0594, 15.8166, 40.4912, 46.0469, 17.0147, 24.1342, 28.3472, 37.1888, 47.4063, 27.2928, 56.3881, 43.3868, 35.0785, 32.4743, 15.7112, 11.6450
MVI_7916.MOV,0303,1, 33.5375, 45.5126, 28.2892, 26.1834, 23.4083, 28.4779, 32.9843, 29.1218, 35.0272, 15.8416, 40.5252, 46.1689, 17.1614, 24.1761, 28.0198, 37.3211, 47.5432, 26.8922, 56.4898, 43.2525, 35.1002, 32.4363, 15.8944, 11.8606
MVI_7916.MOV,0304,1, 33.3349, 45.6085, 28.3748, 26.6565, 23.3307, 28.5275, 33.1999, 29.1032, 35.0459, 15.6441, 40.5060, 46.2430, 16.9696, 23.9081, 28.5360, 37.1178, 47.4812, 26.9156, 56.4022, 43.4971, 35.2307, 32.6559, 15.6986, 11.5399
MVI_7916.MOV,0305,1, 33.3870, 45.4703, 28.5767, 26.3293, 23.5730, 28.5717, 33.4041, 29.3958, 35.0741, 15.4706, 40.4066, 46.4069, 17.2224, 23.9914, 28.3366, 37.3232, 47.3525, 27.1862, 56.1634, 43.2405, 35.2563, 32.2299, 15.8857, 11.5816
MVI_7916.MOV,0306,1, 33.7077, 45.6133, 28.1856, 26.4807, 23.5687, 28.6599, 33.0983, 29.2004, 34.9863, 15.6514, 40.3080, 45.9213, 17.4181, 23.6843, 28.1587, 36.9671, 47.2753, 26.9055, 56.6017, 43.0885, 35.3719, 32.2267, 15.8170, 11.4406
MVI_7916.MOV,0307,1, 33.6627, 45.6467, 28.2431, 26.6617, 23.4012, 28.6690, 33.0365, 28.9860, 34.9669, 15.8323, 40.3744, 45.9189, 16.9488, 23.9604, 28.0356, 37.3086, 47.5005, 27.2182, 56.5614, 43.2973, 35.3817, 32.4033, 15.6122, 11.6493
MVI_7916.MOV,0308,1, 33.4689, 45.8242, 28.3639, 26.0526, 23.8295, 28.3981, 32.9982, 29.1040, 35.1874, 15.8320, 40.5265, 45.8752, 16.9218, 23.9601, 28.1315, 37.0801, 47.6036, 27.4759, 56.5602, 43.2494, 35.3622, 32.6252, 15.5685, 11.6094
MVI_7916.MOV,0309,1, 33.4578, 45.6550, 28.5223, 26.3614, 23.6137, 28.3607, 33.1812, 28.8840, 35.0638, 15.3468, 40.6944, 45.9239, 16.9526, 23.7907, 28.2767, 37.4444, 47.6156, 27.4928, 56.4894, 43.1736, 35.1017, 32.3161, 16.0531, 11.6585
MVI_7916.MOV,0310,1, 33.3855, 45.7583, 28.4384, 26.1971, 23.3370, 28.0926, 33.4411, 29.0602, 35.0675, 16.0905, 40.6009, 46.0322, 17.1918, 23.9092, 28.3541, 37.2632, 47.2391, 27.3344, 56.2804, 43.5369, 35.2130, 32.4120, 15.7022, 11.5648
MVI_7916.MOV,0311,1, 33.6299, 45.7109, 28.3745, 26.3988, 23.8459, 28.6306, 33.2390, 29.2069, 34.8244, 15.6853, 40.7684, 46.0685, 17.0089, 24.2507, 28.3044, 37.2626, 47.4435, 27.1486, 56.7191, 43.4331, 35.4009, 32.4348, 15.8127, 11.5672
MVI_7916.MOV,0312,1, 33.4360, 45.4402, 28.3678, 26.4529, 23.4201, 28.7898, 33.0475, 29.1180, 34.9814, 15.3925, 40.4813, 46.0958, 17.0256, 23.9837, 28.0559, 37.0761, 47.3951, 27.1080, 56.2671, 43.4973, 35.2063, 32.2257, 16.2406, 11.7590
MVI_7916.MOV,0313,1, 33.2737, 45.6011, 28.4931, 26.4817, 23.5352, 28.2961, 33.4442, 28.8255, 34.8657, 15.9198, 40.3420, 46.0204, 17.2751, 23.8219, 27.9816, 37.2032, 47.4388, 26.9436, 56.7626, 43.3703, 35.0682, 32.1944, 15.7742, 11.5795
MVI_7916.MOV,0314,1, 33.5221, 45.9319, 28.3672, 26.3054, 23.3865, 28.1204, 33.0544, 29.1212, 34.8806, 15.6931, 40.3962, 46.0278, 17.1119, 23.6926, 28.1830, 37.2375, 47.4612, 27.0505, 56.4711, 43.5163, 35.1947, 32.0895, 15.5815, 11.5832
MVI_7916.MOV,0315,1, 33.6760, 45.5166, 28.3837, 26.3580, 23.3434, 28.5635, 33.0218, 29.0752, 35.1949, 15.6577, 40.7507, 45.8798, 17.0120, 24.2071, 28.1859, 37.2767, 47.4208, 27.1943, 56.3489, 43.3012, 35.3312, 32.1449, 15.5819, 11.6881
MVI_7916.MOV,0316,1, 33.3652, 45.5832, 28.5055, 25.9804, 23.5922, 28.3740, 33.3204, 28.9475, 34.8836, 15.4376, 40.5041, 46.1446, 17.5227, 23.9712, 28.3396, 37.1912, 47.3611, 27.2061, 56.5969, 43.5050, 35.1349, 32.3926, 15.6921, 11.6148
MVI_7916.MOV,0317,1, 33.4894, 45.7804, 28.2858, 26.3347, 23.4969, 28.3499, 33.0823, 29.2518, 35.0849, 15.7024, 40.6971, 46.1991, 16.9680, 23.9982, 28.1730, 37.1004, 47.6323, 27.4687, 56.5354, 43.3972, 35.2564, 32.2271, 16.0754, 11.6946
MVI_7916.MOV,0318,1, 33.5226, 45.7643, 28.3265, 26.6579, 23.4612, 28.3464, 33.1339, 29.1413, 35.1877, 15.4775, 40.4707, 46.1148, 17.0726, 23.8877, 28.3172, 37.0927, 47.3159, 27.2729, 56.6290, 43.3738, 34.9934, 32.3119, 15.5898, 11.4562
MVI_7916.MOV,0319,1, 33.3599, 45.7830, 28.3558, 26.3225, 23.2878, 28.2801, 32.9125, 29.3139, 35.1937, 15.5191, 40.4960, 45.8705, 17.0649, 23.9049, 27.9042, 37.1939, 47.1560, 26.9954, 56.4741, 43.3627, 35.0135, 32.4421, 15.7694, 11.6640
MVI_7916.MOV,0320,1, 33.3825, 45.8493, 28.4187, 26.1990, 23.4626, 28.4732, 33.1155, 29.0374, 35.1065, 15.7022, 40.4786, 45.9634, 16.9919, 24.3516, 28.1460, 37.1973, 47.6464, 27.0731, 56.3975, 43.4987, 35.1821, 32.3142, 15.9240, 11.7538
MVI_7916.MOV,0321,1, 33.1230, 45.4876, 28.2249, 26.5260, 23.3248, 28.5131, 33.1274, 29.0193, 34.9171, 15.9002, 40.3794, 45.8563, 16.8748, 24.3077, 27.9695, 37.1245, 47.3978, 26.8846, 56.4835, 43.3011, 35.1939, 32.1725, 15.7655, 11.6404
MVI_7916.MOV,0322,1, 33.4285, 45.8004, 28.3648, 26.1255, 23.5128, 28.5031, 33.1361, 29.0980, 35.0433, 16.0993, 40.4085, 46.0113, 16.6514, 23.8567, 27.9426, 37.1180, 47.4460, 27.4675, 56.3636, 42.9607, 35.2516, 32.1135, 15.8151, 11.7366
MVI_7916.MOV,0323,1, 33.4000, 45.8108, 28.1586, 26.2236, 23.5424, 28.5544, 33.2125, 29.1515, 34.8822, 15.6609, 40.4355, 46.0707, 17.0505, 23.9374, 28.0128, 37.6255, 47.5569, 27.1139, 56.5000, 43.3336, 35.0867, 32.0660, 15.2842, 11.2777
MVI_7916.MOV,0324,1, 33.6725, 45.4451, 28.6133, 26.5589, 23.1200, 28.2499, 33.1630, 28.9032, 34.9949, 15.8613, 40.4029, 45.8601, 16.8873, 24.0380, 28.1144, 37.2726, 47.4735, 27.0613, 56.4870, 43.3827, 35.1923, 32.1256, 15.7519, 11.4399
MVI_7916.MOV,0325,1, 33.6075, 45.6909, 28.3317, 26.4173, 23.5462, 28.6179, 33.3012, 29.2853, 34.9825, 15.5750, 40.7351, 46.0653, 16.9510, 24.2564, 28.0126, 37.2166, 47.5310, 26.9245, 56.7724, 43.4287, 35.2501, 32.2016, 15.7700, 11.5113
MVI_7916.MOV,0326,1, 33.4582, 45.4588, 28.2156, 26.2373, 23.5888, 28.5679, 33.4435, 29.2016, 35.2719, 15.4889, 40.4859, 45.9754, 16.9575, 23.9345, 28.2592, 37.2054, 47.2323, 27.1214, 56.5684, 43.5352, 35.1722, 32.1999, 15.6542, 11.3264
MVI_7916.MOV,0327,1, 33.4618, 45.7116, 28.2590, 26.3117, 23.5023, 28.3225, 33.1650, 29.3339, 34.9117, 15.7703, 40.2265, 46.0416, 17.1425, 23.8889, 28.0237, 37.4661, 47.6218, 27.1063, 56.6755, 43.4385, 35.0022, 32.1688, 15.7319, 11.7021
MVI_7916.MOV,0328,1, 33.5157, 45.6103, 28.2264, 26.2841, 23.2530, 28.2508, 33.1393, 29.1676, 35.1088, 15.7381, 40.4790, 45.9212, 17.0209, 24.2632, 28.0384, 37.2781, 47.3436, 27.0284, 56.7763, 43.6491, 35.3156, 32.2027, 15.5758, 11.3942
MVI_7916.MOV,0329,1, 33.7298, 45.6777, 28.2978, 26.2187, 23.5703, 28.3855, 33.3415, 29.1235, 35.0551, 15.4349, 40.2427, 46.0610, 17.3052, 23.8485, 28.2291, 37.2821, 47.5421, 27.0734, 56.8145, 43.1123, 35.0145, 32.4561, 15.5551, 11.6170
MVI_7916.MOV,0330,1, 33.6200, 45.6044, 28.1627, 25.9803, 23.5966, 28.0986, 33.0862, 29.0243, 35.2443, 15.8029, 40.6991, 45.9876, 17.0378, 24.2813, 28.1472, 37.2871, 47.6169, 27.4935, 56.5859, 43.3177, 35.1928, 32.2711, 15.9976, 11.4076
MVI_7916.MOV,0331,1, 33.7996, 45.7227, 28.4933, 26.1825, 23.2931, 28.8201, 33.2126, 29.1274, 35.1955, 15.4468, 40.5813, 45.9756, 17.1866, 24.4347, 28.6232, 37.2889, 47.5886, 27.2163, 56.5921, 43.5799, 34.9987, 32.1851, 15.6991, 11.5779
MVI_7916.MOV,0332,1, 33.4193, 45.6131, 28.4357, 26.3880, 23.6897, 28.5704, 33.2297, 29.0166, 35.0029, 15.6581, 40.5165, 46.3192, 16.9921, 23.9104, 28.2238, 37.2878, 47.3312, 27.3764, 56.6075, 43.5638, 35.2399, 32.6467, 16.0468, 11.5253
MVI_7916.MOV,0333,1, 34.0369, 46.0754, 28.2547, 26.1525, 23.4145, 28.4342, 33.2302, 29.0584, 35.0868, 15.3932, 40.7744, 45.9199, 17.3187, 24.1352, 28.1898, 37.3249, 47.5875, 27.3050, 56.5454, 43.5310, 35.2429, 32.3208, 15.7231, 11.6039
MVI_7916.MOV,0334,1, 33.4702, 45.8298, 28.2501, 26.4140, 23.3624, 28.6570, 33.3009, 29.2771, 34.9495, 16.0458, 40.7621, 46.0362, 17.2741, 23.9985, 28.2818, 37.3686, 47.6002, 27.3945, 56.6915, 43.6086, 35.3033, 32.1761, 15.8004, 11.2532
MVI_7916.MOV,0335,1, 33.9272, 45.7664, 28.1773, 26.2939, 23.5767, 28.2609, 33.0830, 29.1725, 35.3269, 15.7711, 40.5150, 46.3418, 16.9424, 23.9210, 28.1341, 37.4754, 47.5118, 27.2539, 56.4603, 43.4222, 35.2452, 32.3543, 15.5257, 11.6290
MVI_7916.MOV,0336,1, 33.5664, 45.6387, 28.4255, 26.2364, 23.4601, 28.4436, 33.1939, 29.2184, 35.2917, 15.5008, 40.6627, 46.2638, 16.9430, 24.0429, 28.3239, 37.0988, 47.9201, 27.0871, 56.7132, 43.4683, 35.2781, 32.2766, 15.7570, 11.2831
MVI_7916.MOV,0337,1, 33.7535, 45.7918, 28.4588, 26.3273, 23.4783, 28.4905, 33.4425, 29.0732, 35.2022, 15.7444, 40.7163, 45.9685, 16.8835, 24.1420, 28.1589, 37.1374, 47.6046, 27.3127, 56.7992, 43.5090, 35.2930, 32.3479, 15.6608, 11.6367
MVI_7916.MOV,0338,1, 33.6878, 45.6932, 28.5150, 26.3820, 23.7417, 28.6138, 33.2628, 29.0048, 34.9728, 15.8009, 40.4341, 46.3731, 17.0614, 23.8675, 28.3158, 37.4656, 47.5378, 27.0309, 56.4475, 43.4378, 35.1750, 32.1584, 15.9089, 11.5271
MVI_7916.MOV,0339,1, 33.7905, 45.9252, 28.3881, 26.2668, 23.6750, 28.3483, 33.1145, 29.0802, 35.2734, 15.7406, 40.6788, 46.2282, 17.1909, 24.1390, 28.1803, 37.1834, 47.7531, 26.9893, 56.7954, 43.6226, 35.0903, 32.3285, 15.5959, 11.2772
MVI_7916.MOV,0340,1, 33.4981, 45.7070, 28.4603, 26.3427, 23.6638, 28.4736, 33.1963, 29.3607, 35.0576, 15.7840, 40.6744, 46.2343, 17.3520, 23.8223, 28.3492, 37.5825, 47.6744, 27.0367, 56.7007, 43.3796, 35.2523, 32.2412, 15.8464, 11.6049
MVI_7916.MOV,0341,1, 33.9351, 45.8333, 28.2513, 26.1452, 23.3743, 28.1929, 33.1948, 28.8702, 34.9666, 15.6432, 40.4555, 46.0715, 16.9701, 24.0025, 28.1742, 37.0009, 47.4727, 26.9190, 56.4352, 43.3356, 34.7584, 32.1580, 15.7549, 11.5802
MVI_7916.MOV,0342,1, 33.5292, 45.5802, 28.4375, 25.9535, 23.3798, 28.3738, 33.1464, 28.8484, 34.8639, 15.5865, 40.4751, 45.9703, 17.3347, 23.5242, 27.7391, 37.2430, 47.3031, 26.8260, 56.5382, 43.9196, 34.9499, 32.0902, 15.6720, 11.6453
MVI_7916.MOV,0343,1, 33.0195, 45.4563, 28.0902, 25.8652, 23.3627, 28.1971, 32.5934, 28.6244, 34.6278, 15.5358, 40.1784, 45.8976, 17.0625, 23.5542, 27.7643, 37.1468, 47.3619, 26.8440, 56.3539, 42.9305, 35.0423, 32.0468, 15.3864, 11.6008
MVI_7916.MOV,0344,1, 33.7983, 45.5841, 28.0434, 25.9934, 23.0124, 27.9944, 32.7520, 28.6502, 34.7817, 15.4857, 40.2644, 45.8892, 16.9299, 23.6348, 27.7939, 37.1349, 47.3158, 26.6051, 56.4692, 43.1966, 34.6434, 31.9247, 15.6036, 11.6831
MVI_7916.MOV,0345,1, 33.3546, 45.4022, 27.9304, 25.6407, 23.0566, 28.1796, 32.8385, 28.7985, 34.8162, 15.6120, 40.1583, 45.6565, 16.5809, 23.7668, 27.7359, 36.9665, 47.1752, 26.4258, 56.2909, 43.1107, 34.8911, 31.8942, 15.4394, 11.1758
MVI_7916.MOV,0346,1, 33.1317, 45.3826, 27.7524, 26.0563, 23.0992, 27.6596, 32.4193, 28.4658, 34.2805, 15.1240, 39.9288, 45.1719, 16.6068, 23.1944, 27.4457, 36.7370, 46.9354, 26.3596, 56.1941, 42.9992, 34.6845, 31.6096, 15.5140, 11.0776
MVI_7916.MOV,0347,1, 33.1991, 45.2231, 27.9288, 25.9283, 23.0832, 27.8389, 32.6429, 28.4639, 34.8222, 15.2317, 39.9156, 45.3317, 16.8492, 23.2050, 27.7850, 36.8252, 47.1039, 26.2414, 56.3818, 43.0854, 34.4014, 31.5906, 15.2657, 11.1647
MVI_7916.MOV,0348,1, 33.1582, 45.4608, 28.1736, 26.0132, 23.2511, 27.6550, 32.9635, 28.9236, 34.4882, 15.7732, 40.3299, 45.4794, 16.6881, 23.2808, 27.9049, 37.2112, 47.0336, 26.6834, 56.3645, 43.0054, 34.7677, 31.8384, 15.2869, 11.2802
MVI_7916.MOV,0349,1, 33.3292, 45.5772, 28.0240, 26.0637, 22.8293, 28.1468, 32.9270, 28.9709, 34.7413, 15.5760, 40.0738, 45.6070, 16.5043, 23.4271, 27.5781, 36.7446, 46.9965, 26.4486, 56.0671, 43.0973, 34.6258, 32.1099, 15.5369, 11.7076
MVI_7916.MOV,0350,1, 32.5085, 44.6226, 27.1550, 25.1462, 22.2969, 26.8761, 31.9883, 27.8222, 33.8822, 14.9263, 39.0677, 44.3436, 16.1380, 22.3614, 26.8269, 36.2888, 46.0025, 25.4220, 55.5566, 41.9074, 34.1127, 31.0236, 14.9320, 11.0085
MVI_7916.MOV,0351,1, 32.0956, 44.4257, 26.7770, 25.1996, 22.3001, 26.5654, 31.7916, 27.1744, 33.7252, 14.9298, 39.0144, 44.5502, 15.4994, 22.3746, 26.2015, 36.3140, 46.0354, 25.5295, 55.2818, 42.1606, 33.6759, 31.0557, 15.0564, 10.9813
MVI_7916.MOV,0352,1, 32.3403, 44.3329, 26.4055, 24.8150, 21.9817, 26.3846, 31.6981, 27.1826, 33.2174, 14.8365, 38.9297, 44.2402, 15.8929, 22.3249, 26.2116, 36.0544, 45.5988, 25.2819, 55.1594, 41.9540, 33.5474, 30.9100, 14.6149, 10.8851
MVI_7916.MOV,0353,1, 32.4041, 44.5279, 26.8155, 25.1002, 22.2468, 26.5746, 31.9300, 27.5135, 33.3328, 15.0011, 38.9660, 44.0461, 15.9636, 22.2923, 26.3353, 36.1750, 45.8682, 25.3669, 55.1715, 42.0478, 33.6171, 30.5474, 14.7409, 10.9584
MVI_7916.MOV,0354,1, 32.3307, 44.6147, 26.8049, 25.0120, 21.9703, 26.7999, 31.9504, 27.3848, 33.4338, 14.7193, 38.8524, 44.0504, 16.0173, 22.4060, 26.6573, 36.1290, 45.8928, 25.6804, 55.1691, 41.9443, 33.8309, 30.7962, 14.9270, 11.0327
MVI_7916.MOV,0355,1, 32.6477, 44.7605, 27.0961, 25.1980, 22.3839, 26.5407, 32.0759, 27.7565, 33.5390, 15.2479, 38.7892, 44.3567, 16.0472, 22.6704, 26.6541, 35.9926, 45.8087, 25.6002, 55.5240, 42.0381, 33.7308, 31.0640, 14.8017, 10.9004
MVI_7916.MOV,0356,1, 32.4817, 44.6865, 27.3054, 25.2688, 22.0895, 27.0050, 32.0350, 27.5800, 33.6207, 14.8797, 39.2101, 44.5452, 16.0307, 22.6353, 26.6327, 36.2382, 46.0028, 25.2927, 55.4307, 42.4615, 33.5992, 30.9674, 15.0405, 10.8726
MVI_7916.MOV,0357,1, 32.5861, 44.5630, 26.8284, 25.1384, 22.4492, 26.8603, 32.0871, 27.7091, 33.3412, 14.8447, 39.1386, 44.4521, 16.0929, 22.4095, 26.6326, 36.4456, 46.1669, 25.9267, 55.5197, 42.3586, 34.0218, 31.1417, 15.0006, 10.9945
MVI_7916.MOV,0358,1, 31.7079, 43.8878, 25.7065, 24.7843, 22.1744, 26.5074, 30.7643, 26.4240, 32.9063, 14.7700, 38.9592, 44.1222, 14.5248, 20.9241, 25.5682, 36.0598, 45.4179, 25.5052, 55.0425, 41.4875, 33.0713, 30.7135, 14.4786, 10.5354
MVI_7916.MOV,0359,1, 30.2649, 43.2490, 24.8433, 24.4002, 21.1589, 25.8027, 29.1939, 25.3827, 31.1925, 14.2433, 38.0757, 43.1386, 13.4994, 20.2805, 24.6737, 35.5290, 45.2001, 24.3040, 54.3782, 40.8297, 32.5897, 30.0277, 14.0982,  6.4786
MVI_7916.MOV,0360,1, 28.3078, 41.3036, 23.9192, 22.9211, 20.2420, 24.5536, 27.8144, 24.4169, 29.8153, 14.1087, 36.3259, 41.0953, 13.1039, 19.4813, 23.3534, 34.3343, 42.6215, 22.4788, 52.8022, 39.0713, 31.2324, 28.4593, 13.1119,  6.3537
MVI_7916.MOV,0361,1, 28.5043, 41.7651, 23.8395, 23.8621, 20.5117, 24.7708, 27.7761, 24.8197, 29.7932, 14.2406, 36.1782, 41.3248, 13.2708, 19.6032, 23.7886, 34.6464, 42.7630, 23.0988, 52.9501, 38.8749, 31.4654, 28.7913, 14.0462,  6.4235
MVI_7916.MOV,0362,1, 28.7437, 41.7349, 24.1270, 23.3444, 20.8316, 24.8830, 27.8458, 24.4030, 29.5795, 14.5084, 36.3360, 41.5649, 13.5160, 20.2139, 23.7307, 34.8507, 43.0549, 23.2784, 53.2058, 39.0814, 31.4167, 28.6862, 14.0336,  6.9939
MVI_7916.MOV,0363,1, 28.8059, 41.9844, 24.0128, 23.4913, 20.3356, 25.1327, 28.0655, 24.8439, 29.8715, 14.4560, 36.3875, 41.6621, 13.5183, 19.8656, 23.6164, 34.9226, 42.8899, 23.5547, 53.2294, 39.0275, 31.5050, 28.7771, 14.0393,  7.2700
MVI_7916.MOV,0364,1, 29.0544, 41.8948, 24.0268, 23.6002, 20.8718, 24.7766, 28.0147, 24.6676, 29.7682, 14.3859, 36.4197, 41.5500, 13.4003, 19.8633, 23.5578, 34.8668, 42.9836, 23.3201, 53.1017, 38.9793, 31.4768, 28.9060, 14.0732,  7.6023
MVI_7916.MOV,0365,1, 29.1508, 41.4654, 24.6531, 23.7289, 21.2285, 24.8480, 29.0541, 25.2322, 30.9400, 14.3249, 36.3428, 41.3905, 14.7240, 21.3339, 24.6461, 34.5943, 42.8404, 23.7178, 53.2441, 39.3492, 31.7910, 29.1867, 14.2850, 10.5023
MVI_7916.MOV,0366,1, 30.2712, 42.9565, 24.8357, 23.6035, 21.0500, 25.2655, 30.2031, 25.7864, 31.6972, 14.5095, 37.1086, 42.3324, 15.6430, 21.3570, 24.9396, 35.4483, 43.7161, 24.0375, 54.4587, 40.6107, 32.5574, 28.9689, 14.1154, 10.8058
MVI_7916.MOV,0367,1, 33.8422, 48.8756, 24.6402, 20.5741, 21.3896, 25.6044, 34.9465, 26.7533, 35.3665, 15.7137, 40.1653, 45.2224, 16.2488, 22.1842, 22.6380, 41.2581, 43.2740, 23.5448, 57.6852, 45.3178, 36.5357, 28.2821, 13.1729, 10.4649
